Code,Pythium sp.,Humicola sp.,Aspergillus terreus,Curvularia lunata,Didymella exigua,Talaromyces marneffei,Chrysosporium lobatum,Nitrososphaera sp.,Nitrosocosmicus sp.,Dokmaia sp.,Fusarium brachygibbosum,Penicillium pinophilum,Penicillium javanicum,Cladosporium herbarum,Exserohilum rostratum,Scytalidium sp.,Aspergillus deflectus,Acrophialophora jodhpurensis,Fusarium pseudensiforme,Chaetomium megalocarpum,Neobacillus drentensis,Fusarium equiseti,Solirubrobacter sp.,Aspergillus niger,Udaeobacter sp.,Humicola olivacea,Rhodoplanes sp.,Rubrobacter sp.,Gaiella sp.,Bacillus sp.,Nocardioides sp.,Bacillus megaterium,Ilumatobacter sp.,Pedomicrobium sp.,Sphingomonas sp.,Pirellula sp.,Haliangium sp.,Microvirga sp.,Micromonospora sp.,Bryobacter sp.,Povalibacter uvarum,Gemmata sp.,Target_Crop_Grouped
AZM03Y,1.8052554541019,0.20561789921238,0.42866104412072,0.21955809576915,0.2927441276922,14.999651495086,0.0,12.938787787637,8.801323507294299,0.0,0.0,0.0,0.0,1.0106642503659,0.25092353802189,0.0,0.0,0.0,0.42866104412072,0.0,0.0,0.11849167073256,1.6573920890359,0.99672405380916,0.83471198676493,0.20213285007319,2.2514663859227,1.11595728681,3.62460520379,1.2453000451196,2.1642352233419,0.31282899684163,1.0798616333283,0.65724169047977,0.94600691833358,2.4018649420966,1.5716649120168,0.29778914122424,0.99112648518574,3.4471349075049,0.6437058204241201,1.6498721612273,0
AZM03Z,1.4200466618808,0.34099066762383,11.586952620244,5.606155778894499,2.3061737257717,0.7784458004307301,7.160804020100501,6.8004246284501,1.2696390658174,0.26920315865039,3.5781586503948,1.9360193826274,0.10543790380474,0.0,0.74479540559943,1.1710337401292,0.55859655419957,2.2792534099067,0.54737975592247,0.0224335965542,0.0,2.0683776022972,5.0254777070064,1.2046841349605,0.038216560509554,1.1373833452979,0.92356687898089,2.5796178343949,5.0424628450106,0.33545647558386,3.6857749469214,0.5605095541401299,1.2781316348195,0.8598726114649701,3.0403397027601,1.7324840764331,1.2653927813163,1.7346072186837,1.1188959660297,1.963906581741,0.87048832271762,1.5647558386412,3
AZM040,5.8728601715027,11.505236844603,0.056956618042591,0.22782647217036,0.90497737556561,0.0,0.27212606398127,12.021078735276,6.8350898946063,1.6137708445401,0.0,0.0,1.8447615732684,2.58836186438,0.0,3.110464196437,0.0,0.0,1.2562098534949,0.0,0.0,0.363889504161,4.5164290142591,0.0,2.1543707377557,0.30693288611841,3.2641041537508,1.8226906385617,6.9404835709857,1.8505889646621,1.2926224426534,0.22938623682579,4.3335399876007,1.3453192808431,0.93924364538128,2.1109733415995,1.5840049597024,0.41537507749535,0.99504029758215,0.6540607563546199,1.3329200247985,1.3050216986981,2
AZM041,2.2717711400926,0.19015565839293,23.68026924695,4.2288599074464,5.3950357593605,2.3138409760202,6.2128733697939,14.922432898301,3.3243043585324,0.0,1.2890197728229,0.33487589398401,0.40891880521666,3.6583929322676,0.0,0.023559108119478,0.04206983592764,4.351703828355101,0.99453092132941,1.0265039966344,0.0,2.2616743794699,6.0268406796356,4.9861169541439,0.038988754822293,0.24400504838031,0.8659607650004101,2.9221045719445,2.8071903472051,2.9631453664943,2.8071903472051,1.3317737831404,1.136830009029,1.7934827218255,1.9986866945744,1.5533940737093,0.32832635639826,1.41385537224,2.4111466797997,0.83723220881556,0.49659361405237,0.95625051300993,3
AZM042,0.87473913236535,14.032458594201,2.1435549043115,2.7940588783802,0.7948137294081101,0.27196838506283,0.12543847964122,11.074483621949,7.4754850824119,15.134763109986,1.2233026952622,0.061054127259003,0.39518671462191,0.28750943563785,0.96465521069224,0.36410461347187,0.30638071133609,0.59611029705608,2.3511389369921,1.3609520003552,0.0,1.1988810443586,4.4043396620071,0.076595177834022,0.15647819737117,3.6699080857866,1.6565825161694,2.2595451700396,3.6991445858544,1.0515334863342,3.1546004590027,0.6488629250990999,1.7901105779261,1.2831212184436,2.1593991237221,1.6419778844148,1.1892343000209,0.94930106405174,0.8282912580847099,1.591904861256,0.79073649071563,1.5626955977467,0
AZM043,44.5804421842,8.8221350687411,0.0,0.22410895142869,0.094815325604448,0.32323406456062,0.0,10.706695005313,4.875132837407,0.53010386587941,0.0,0.060337025384649,1.7670128862647,0.63353876653881,0.0,6.0854199887946,0.59906046631901,0.0,0.73697366719821,0.0,3.6477151965994,0.35771236478042,4.6705632306057,0.0,5.0345377258236,0.23703831401112,4.1657810839532,1.1238044633369,5.57651434644,1.7959617428268,1.0945802337938,0.39319872476089,2.5982996811902,1.1769394261424,0.61902231668438,2.3990435706695,1.6604675876727,0.19659936238045,0.62964930924548,0.46227417640808,1.2486716259299,1.1875664187035,2
AZM044,3.934517395989,0.4066594835077,15.849292690556,17.322998853012,1.550172048243,1.8803656459629,1.8178026485002,17.925597437793,5.6220744025622,0.0,0.28153348858225,0.60825136422092,1.5049876611866,0.0,0.3788537068576,0.0,0.20506760279448,2.2001320774391,8.397344548329901,2.3078794619582,1.6506528701651,0.23634910152584,6.711012564671099,1.3312015571235,0.23158413402316,0.0,1.5323971421532,4.0206947524021,4.40009854644,2.3651145602365,1.6309435821631,2.3010593742301,1.0593742301059,1.2367578221237,1.7738359201774,1.5570337521557,0.69475240206948,1.1382113821138,0.8474993840847499,1.3353042621335,1.3254496181325,0.53707809805371,1
AZM045,4.7603239941575,0.0,0.0,2.7353605098924,0.099588368078608,0.49462222812376,0.0,0.11158092553441,0.041108762038995,0.0,0.0,0.0,0.0,0.19585712388793,0.0,0.71703625016598,0.0,0.0,1.1054308856726,0.0,2.8482499412732,0.35851812508299,3.1741836974395,0.0,7.070707070707099,0.0,5.8902983321588,0.8632840028188901,3.523608174771,0.7340850364106201,0.6606765327695601,0.4492600422833,0.75463941743012,2.1552736669016,1.5180878552972,1.4358703312192,1.6208597603946,0.044045102184637,2.0113929997651,0.4287056612638001,3.1418839558374,1.0629551327226,2
AZM046,0.53400383141762,1.3050766283525,4.6048850574713,11.918103448276,0.0,3.2998084291188,0.093390804597701,8.0492740088498,8.702999577524299,0.059865900383142,0.0,0.67289272030651,0.56513409961686,0.023946360153257,1.0153256704981,0.13888888888889,6.0009578544061,5.2274904214559,1.2404214559387,0.0,1.3874991661664,0.0,3.6666444311031,0.17480842911877,0.65594912503057,0.5531609195402301,1.2051675449714,1.6832321615191,3.2930869632891,1.2340737775999,1.3074511373491,2.1279434327263,1.3408044826896,3.9557067573878,1.0406243746248,3.041825095057,2.0278833967047,1.1540257487826,1.3096746937051,0.8783047606341601,1.5209125475285,0.74711493562804,0
AZM047,0.79276635962252,0.77724958034165,5.7828215147198,4.6395170049795,6.890860617003599,0.3858035575743,5.1085469241512,13.865881342414,6.4635867231118,0.75961687661339,1.4903161191124,1.0763002355729,0.052898111184777,0.047255645991734,0.25179500923954,1.7632703728259,0.98531548433511,1.5784796377537,2.7852618809158,2.1920977274971,1.7332351678017,2.7803247238719,5.6230443585496,0.3484222256704,0.17485735321185,2.1822234134093,1.0368734278177,2.7455672127124,3.7456285661697,1.0153997177741,2.8130560157065,2.0154610712314,1.1473096508988,1.2393398367998,2.5860482238174,1.7209644763482,0.7454445057979,1.3743174427879,0.72397079575434,1.4019264985582,1.0184673906375,1.0184673906375,3
AZM048,1.1058349053535,0.7792883627138499,6.466532231835,1.0362323554283,2.2552527158004,0.90223118454433,10.973134716711,7.5845113706208,12.049784880148,0.35126520522995,1.8883757236714,0.07025304104599,0.035777011643791,0.03772848500618,0.39029467247772,1.1916997332986,0.5119365120666101,0.026019644831848,1.812918753659,2.1108436869837,1.8469575906577,0.33955636505562,4.732636754763401,2.2747674494243,1.0540872771973,8.3588109022312,1.4443761524278,4.6189305470191,3.1468961278427,2.059004302397,2.3110018438844,1.9268592501537,1.0479409956976,0.6576521204671201,1.8500307314075,0.9219422249539,0.79287031346036,1.1616472034419,2.5476336816226,1.4781807006761,0.87584511370621,1.3859864781807,3
AZM049,0.027691029644786,0.046151716074643,0.061535621432857,5.8520375982647,1.0137993631063,0.27537190591203,0.93841822685107,6.794262622674201,1.8872951729651,0.20460594126425,0.067689183576143,0.0,3.5521437472117,4.3997969324493,0.23383536144486,0.23537375198068,0.0,2.1014414719321,0.70919803701368,1.0476439548944,7.624672498778801,1.1599464640094,7.3582308273014,0.16306939679707,0.23535680980505,0.026152639108964,2.6510946312003,4.0365913228829,3.7079799280607,1.2789200230916,0.87481682135086,1.6030907233891,1.6119721124384,2.2425507349349,0.89257959944935,3.0818420000888,2.3269239309028,0.77712154180914,1.7363115591278,0.86149473777699,1.4210222478796,1.4609884986012,2
AZM04A,5.376187976726301,0.039087365846577,0.0,2.8489105792748,2.1821917961203,0.2579766145874,0.0,0.14791904793922,0.026894372352585,0.011167818813308,0.0,0.0,0.0,1.4752688652379,0.24569201389277,0.37858905777113,0.0,0.0,0.58407692393599,0.0,3.2239628857662,1.1491685558893,3.4088616956902,0.0,2.114570026222,0.13289704387836,6.273112351240499,2.1044846365898,2.8844214348148,0.62529415719761,0.81691656020978,0.41013917837692,0.54797283668392,0.59503798830095,1.1631816042493,1.102669266456,2.1885295501916,0.043703355072951,1.2102467558663,0.8370873394742099,1.1766287904256,1.2270557385867,2
AZM04B,0.49287287536882,3.4700577650335,0.28092922744462,1.8193907659062,1.8451564642813,1.7429248223414,1.9415700452978,11.233320690963,5.1270558218115,3.842413664131699,0.51198936126003,2.9489257366081,6.1097951211403,0.90761750405186,0.13880231060134,5.423263932178,10.588039729045,2.4319494659851,1.4969039604372,2.0388147778747,2.7169603144502,0.55105348460292,4.8374306106265,1.4237626231143,2.2376995483226,2.083696962141,1.406751025756,2.2101161948764,4.1581905320139,2.3342412853843,2.6548977691963,2.2239078715995,0.94472985553219,1.3067613695135,2.6962727993656,1.0757507844016,0.73095886632417,1.0481674309554,0.8343964417474099,0.72061510878185,0.8102610074819799,0.40340654415061,1
AZM04C,0.2887480055914,0.68409979808819,1.0328565578979,10.366688787541,2.4370614066052,0.17014246784237,0.028239413749771,12.080643876006,3.4903179536218,0.043771091312144,0.03812320856219,0.36923033477825,0.47724609237112,0.14402101012383,1.9929966253901,0.19696991090465,1.1634638464905,1.3307823729579,0.65515439899468,0.27957019612273,3.8170372141206,3.1670502520368,3.9206311259861,0.52172316902701,1.123595505618,1.7268401507985,1.7332058331341,1.6136743963662,4.1118814248147,0.90047015698462,2.8328950513985,1.2949238983186,1.083751693362,1.5738305841103,2.3707068292294,1.8567216511276,1.0598454060084,1.2072675113555,0.54586022790661,1.0957048370388,0.9203920631126,0.70523547693043,3
AZM04D,2.3180428799861,5.0831601962341,6.1176317020374,0.65266341060143,2.2506009942239,1.383646430475,0.37528146109582,8.8990077859291,2.2317789583158,2.8064526655861,0.38507141225484,4.2564532094723,0.28608412831363,0.10768946274924,0.33394611175773,5.483460421403,3.198050711947,4.2488388030153,3.7201814404281,1.3020635041499,1.5881046743683,0.65701450000544,4.5197740112994,0.96811739239212,1.5346993844338,0.91590431954401,2.6196700115243,1.7145908873711,6.4760941057425,1.4531860471653,2.6590212777918,1.0090788992889,1.5993478933019,2.4172920707198,2.1137251595132,1.6808612305703,1.4110239761644,0.71956601174916,1.2086460353599,1.0090788992889,1.4138347808978,0.6942687691486099,1
AZM04E,1.7191208505381,8.9776311083656,10.387066358878,4.8679975290178,5.897031570049101,0.075592548037845,0.0081282309718113,11.088034793657,13.042734625064,8.8768410443151,1.2046038300224,2.0751373671034,1.3175862405306,0.52183242839029,2.6457391813246,1.7776441135351,1.1940371297591,0.23815716747407,1.0956855350002,0.78356146568261,0.014660248735554,2.6181031960204,4.8427688323112,1.0103391097961,0.16126273609109,0.40153461000748,1.8154274684194,2.189263811176,2.2039240599115,1.2876585139395,1.7103623524812,0.50822195616586,1.5051188701835,2.0793119456593,1.5197791189191,1.0555379089599,0.97979329049283,1.3878368802991,1.3438561340924,1.3878368802991,1.4733549979231,1.1141789039021,0
AZM04F,1.4024310056548,10.701873039133,3.4238854759624,0.75710608878619,4.24486652013,0.9036427511319,0.75710608878619,8.220834615892,8.0691262477464,4.1575081252701,1.214563489827,3.0829059347348,0.95906366830111,0.040391515902985,0.42551992335005,4.8563752841496,1.970730241034,1.1243870822296,1.1422344962333,0.16814142666592,1.7435468976738,1.4531552349283,4.538059012356499,0.8012549550057301,1.7303548656611,1.1149937064382,1.8754672178004,2.2030693461149,4.8942438766985,2.8208961787081,1.8578778417836,1.3873620333319,1.3543819533002,1.4819049294226,1.7303548656611,0.94542896090761,1.1762895211292,0.67938964865221,1.27083241722,1.2070709291588,1.2378523371883,0.70357504067543,1
AZM04G,1.2314284221344,23.824743524986,0.78553637677878,0.020030306724958,2.1632731262954,4.3831536411614,0.040931496351001,13.205892138774,5.296270530232,16.30815320572,0.13411596676711,0.25342692421577,0.29000400606135,1.2801978645951,0.0087088290108512,9.883650044415,0.034835316043405,0.0,0.8604323062721001,0.0,0.0,0.063574451779214,3.9532984483228,0.10189329942696,1.6787151023865,0.62790657168237,3.215268745652,2.174767853362,4.1589788572638,2.0447052418257,1.0284020447052,1.0919209945253,1.8964943589123,3.5873083088836,0.7592026859441601,2.2171138199087,2.2352620912858,0.43858322494782,1.3006261153625,0.91043828075376,1.2129094703729,0.75012855025559,0
AZM04I,1.7053326391401,3.4106652782803,7.4897856531446,2.5533661016052,3.4018407885564,0.32385877286646,11.890117453958,12.668029379157,4.5818320399113,2.077726105488,1.8465244747222,0.33665428296609,0.12177795818957,22.075784717749,4.312528128061,2.2934848792369,0.12927877445487,0.17340122307428,1.3294093769028,0.12619020305151,1.5780903547672,4.3650338419181,4.5056125277162,0.42975264955304,1.5139966740576,1.2221918267576,1.6785615299335,3.8490853658537,4.0482954545455,1.922810421286,1.8691103104213,1.6647034368071,1.51919345898,1.3632899113082,1.5988774944568,1.4637610864745,1.3113220620843,1.2558896895787,0.46424611973392,1.3061252771619,1.3858093126386,0.73794345898004,1
AZM04J,0.41110748273932,0.0081638365366673,5.0038486657959,9.2694532562045,6.038906512409,0.93884120171674,15.673399888039,13.901938267738,5.301527647284001,0.0,2.519126702743,0.16735864900168,2.9972942713193,0.11837562978168,0.93359302108602,0.10904553088263,0.22275611121478,2.0549542825154,2.5039652920321,3.9349692106736,0.0,1.2006671020713,5.1484149354491,1.4438328046277,0.10265511361659,0.73999346893077,0.83168041201239,4.3097748547169,3.8086787068936,1.6651007412047,2.439363886279,2.8987020217838,1.1013675749034,0.93259560844904,2.4376239690991,1.0578696454049,0.51675540244284,1.5398267042489,0.74294463583533,1.0665692313046,0.8212409089327299,0.69248703761701,3
AZM04K,34.247456553581,2.3870788963224,0.0,0.0,0.46613356557539,0.36023910375678,0.0,3.9492242595205,0.96187195079655,1.2737025454258,0.0,0.0,0.0722457543248489,0.13954316931238,0.0,2.0456434820474,1.5993032738213,0.0,0.70959186097146,0.0,1.2323984369581,0.035628043228692,3.2000739901501,0.19001623055303,4.0116534486347,0.12469815130042,4.4555943490023,0.82545261162108,4.3908529676987,0.9063793382506,1.2092765150639,0.31677032994983,1.7272075654928,1.1445351337603,1.5838516497491,2.4509237207797,2.006982820412,0.2659021017827,0.5687992785960401,0.4485652847464699,1.276330088557,1.1468473259497,2
AZM04L,14.444113461093,28.65653857611,0.34422268559891,4.0280673882104,3.1873696753053,0.0628868367921089,0.17873100983021,9.7313984016618,8.1446005597069,4.6734849237083,0.53288319597524,0.21513917849932,0.84731737993579,2.0090689438321,0.7049945387747,2.6015291430841,0.10591467249197,0.0595770032767349,0.81752887829742,0.092675338430477,0.0,1.0161188892199,4.8527163093967,0.10922450600735,0.051931565736707,2.9358223281369,1.3992671879057,3.941028822019,3.8400507775309,1.1684602290759,2.2445976746199,0.5250858313378101,2.1436196301318,0.74146735524076,1.9560889760826,1.029976053778,1.0040102709097,1.3069444043738,1.5435215371743,1.788753930931,0.67511035457719,1.1857707509881,3
AZM04M,3.0150467901129,2.3608385243337,5.1227351594277,0.39252495946753,12.677418437296,1.7919617714822,0.7850499189350599,12.272562959393,3.7745511507411,0.77367238387803,1.2970389965014,0.94149102596922,8.4108427909093,0.12799726939159,0.042665756463862,1.9256478084023,1.3311716016725,1.3453935204938,1.314105299087,0.082487129163467,2.2261718279311,3.5981454617857,3.7594890950717,1.3027277640299,2.6207976864682,1.0296669226612,1.8044342691891,2.7714182431618,3.0666345342812,1.4218580551874,1.9640920592843,1.5544041450777,1.0332570189179,1.3585974213761,1.9972285817568,1.8616700807326,1.7712977467165,1.1808651644776,0.29220387998554,1.5845282564164,1.0724183636583,1.3043740209664,1
AZM04N,2.3948896631823,15.542392566783,9.8002322880372,4.4134727061556,0.60162601626016,1.8373983739837,0.13937282229965,12.214706044107,6.503327283726599,0.30662020905923,0.13472706155633,2.5783972125436,0.92682926829268,1.0917537746806,0.51103368176539,0.44134727061556,0.0,1.7979094076655,4.534262485482,0.92915214866434,1.4574052686575,0.52032520325203,6.6793158444701,0.7944250871080101,0.23098498597591,0.39256678281069,2.1366111202772,5.535390199637,4.2622229555079,1.5069020513667,1.7516361436507,1.7818841775285,1.4436561623494,1.3254138480999,2.0321179123357,1.3199142055766,1.3446625969312,1.4629049111808,1.3501622394544,1.3006654567453,1.6746411483254,0.8414453060551099,0
AZM04O,3.4112187576325,8.97174957258,2.1248880566637,0.10583733615566,2.5808027354881,18.928600504763,0.085484002279573,8.2106038291605,4.1559278350515,0.4803386794757,0.0,0.26866400716437,1.8073760481967,1.9376373850037,0.093625335830009,0.54546934787918,0.0,0.0,1.4288040381014,0.0,0.0,0.069201335178702,3.2216494845361,0.23202800618741,0.48324742268041,1.8847187169258,3.1065905743741,1.5325846833579,3.8337628865979,0.7639911634757,2.4944771723122,0.7041605301914601,1.2794550810015,1.7995213549337,1.4635493372607,1.9329896907216,2.2505522827688,0.7041605301914601,1.2426362297496,2.0940721649485,1.159793814433,0.98030191458027,0
AZM04P,0.54223744292237,2.648673624701,35.598771472059,1.2353228962818,0.95672972385301,1.178245270711,0.59252011306806,11.548478554709,6.3429268453499,0.20792563600783,0.13046314416177,2.9952163513807,0.2500543596434,0.5666992824527101,0.0,1.4649923896499,4.082409219395499,1.1279626005653,0.69308545335943,2.2233094150902,1.691227376125,0.046205696890628,7.427554148946699,0.8099586866710201,0.17472719480434,0.082898456186127,2.7461840240003,3.9363069923845,5.1066495236211,1.361553423664,1.7967230409125,2.0011208914384,1.2923218936472,1.8000197804371,1.5362806184683,2.1725513467181,1.2923218936472,1.4340816932054,0.90330662974318,1.5000164836976,1.4110045165331,1.1175946988428,1
AZM04R,1.3171676966586,1.4088195244579,21.39415523201,6.2742222687755,0.5787158269613499,0.30114171991201,2.6343353933173,12.106519652482,5.7788388176515,1.4769037393946,0.7175028804860201,0.4556405153451299,7.020530009427,2.2729653294229,0.0,1.0291190950037,3.1502042526448,0.65989316015502,0.93746726720436,0.19901539750707,3.8665058699023,0.16759191369016,5.1906180010337,2.1210851576411,1.9098717727843,0.19901539750707,1.4373261795181,3.2832074032143,4.4744160862396,3.0961581058797,1.9418670473284,1.8951047229948,0.68912899017991,1.2970392065172,2.2938150673131,1.3634909305703,0.8712559375846,0.90079003716374,1.7818906746081,1.2281263074992,0.70389603996948,0.53653614235436,1
AZM04S,1.5633064676222,11.314368523445,0.045658474609918,0.43772581093421,23.592527891373,1.9911065232064,0.033747568189939,7.0925415816809,4.2958975545135,3.7757573351332,0.15881208559971,1.9643069837615,0.096279826894827,8.9570016278239,0.22630722197959,1.5365069281772,2.196569658951,0.5002580696391,0.98959780839322,0.42382975344424,1.7641987509725,0.40199309167428,3.1183632272852,0.17866359629968,1.5602329835776,0.15682693452972,1.3667809155329,0.95043842126291,3.4548016064933,1.2637466619005,3.6251235359674,1.3878083142334,1.0471644552852,1.7095275143512,1.9891919170679,1.2090754252791,1.5265891456568,1.1523014487878,0.89576718464159,0.79693841074921,0.69810963685682,0.59297264335429,1
AZM04T,1.1678238900373,0.33568311513931,0.13780675253087,25.726577268953,4.3135280295401,0.082154025547252,14.459991872935,16.552779751818,4.8980484338271,0.10777194749209,1.5803607710111,0.042402077701807,7.6597586615077,1.1704740198936,2.7799862193247,0.18197558347026,1.4990901220826,0.40635324464232,0.60157947739439,0.74998674935072,1.8258350188597,7.970707231321001,3.7555349040617,0.22437766117206,1.907833597551,1.0211833713185,0.93478379708085,3.1378122779205,2.662220521511,2.017165035806,2.4271579292626,2.0280981796316,0.5083911878860801,0.73252063630897,2.8152845350681,0.83091893073853,0.4701251844968,1.6126387142623,0.34986060241622,0.86918493412781,1.2627781118461,0.59585633849013,1
AZM04U,1.1001589825119,0.41335453100159,1.1255961844197,2.0635930047695,0.3275039745628,1.2400635930048,0.78219395866455,6.204683228337101,3.0468719045921,0.55961844197138,0.0,0.18441971383148,5.526232114467399,0.78537360890302,0.53736089030207,0.29252782193959,0.11764705882353,1.3322734499205,0.6263910969793299,0.0,2.5238717857284,0.67726550079491,6.921827330718299,0.14626391096979,1.0103411387139,0.07631160572337,3.3242204524743,3.2845992313483,5.4716906375054,2.6110384722057,1.5729624787036,1.0697729704029,1.8067276833472,2.8249930662863,1.2163714885693,2.7774476009351,2.428780855026,0.64582590435437,1.6482427988431,0.95487142913745,1.9770989341892,0.75280320139467,2
AZM04V,0.34089638985135,0.73488320107299,7.5360456018777,3.506762043143,10.423885101151,1.190343131776,5.6052308036213,10.674356699201,8.793256433007999,0.68179277970269,1.7422040907567,0.38700122946239,0.43729741812898,0.88437465072091,0.87459483625796,1.4823404493126,2.5092209679222,1.3272605342573,2.0914831787191,3.1197608136806,0.0,1.8106627919973,3.5359361135759,3.7498602883648,0.093167701863354,4.1675980775679,0.94498669032831,4.112688553682299,2.7639751552795,1.9520851818988,2.6885536823425,1.357586512866,1.3132209405501,0.45696539485359,2.0275066548358,1.2511091393079,0.52351375332742,2.0452528837622,0.97160603371783,0.94942324755989,0.74090505767524,1.0070984915705,3
AZM04X,2.4055309769595,1.1036582465154,16.651602365888,3.3918462489891,9.2066663495235,1.0481581910153,2.9415029415029,15.521701638402,4.179361885599301,0.24102881245738,1.2765012765013,0.90544376258662,0.57085771371486,0.12685726971441,0.34568605997177,0.26957169814313,3.1270316984603,0.98472955615813,6.921649778792601,1.4667871810729,2.9318769761426,0.87214372928659,6.0362173038229,0.62794348508634,1.1842483472262,1.2733298447584,1.2647312446105,4.1391204369072,3.9034205231388,2.1270480022995,2.063811440069,2.2995113538373,0.78183386030469,0.96004599022708,2.2075308996838,1.356711698764,0.74159241161253,1.3337165852256,0.9370508766887,1.9660822075309,1.172750790457,0.5978729519977,3
AZM04Y,0.21828614194836,0.35237620057378,5.6785580641138,1.4812273917924,2.1828614194836,1.9365099164276,7.5901209928901,12.635886942064,3.5631154879141,0.0,4.0819508544343,0.27753523762006,1.6839216664588,0.28065361107646,0.049893975302482,0.10602469751777,0.30871897218411,4.8740177123612,5.5195210178371,9.3239366346514,0.0,1.0165897467881,6.6530246834634,2.7005114132469,0.012789359253101,0.69227890732194,0.93106535362578,6.453510679115,4.0235324210257,0.7136462463230601,3.0208466555826,1.3147461312188,1.8544570916997,0.92850748177516,2.4274203862386,1.1203478705717,0.5473845760327399,1.4835656733598,1.3326512341732,1.6728481903057,0.64202583450569,0.91571812252206,3
AZM04Z,4.2603677937766,32.559456398641,0.98689532438117,0.0,0.26964353125169,0.040446529687753,0.0,8.4319641061344,7.132358629225701,1.7257186000108,0.0,0.53119775656582,0.4152510381276,0.28312570781427,0.0,6.9810710241061,0.21841126031387,0.0,1.8335760125115,0.0,0.78517830896573,0.10246454187564,5.9603929759418,0.080893059375506,3.8214589618628,0.32087580218951,3.6512725303628,2.1389340140791,6.0880327995668,2.9434516902607,1.6554498336814,0.35971223021583,3.7131585054537,0.78131043552255,0.93215749980661,1.3653593254429,1.8488435058405,0.32103349578402,0.5066914210567,0.74263170109074,1.1835692736134,1.303473350352,2
AZM051,28.443437775261,12.107713602617,0.15855039637599,3.0804077010193,1.2130363659242,0.16610041525104,0.0,7.625482625482601,4.4980694980695,1.5301371586762,0.0,0.59393481817038,0.35736756008557,0.57128476154524,0.0,3.8228262237322,0.0,0.0,2.559456398641,0.0,3.7837837837838,2.1643387441802,3.7403474903475,0.33723417641877,3.1853281853282,0.45803447841953,2.8571428571429,1.4671814671815,5.4488416988417,6.423745173745201,1.5009652509653,0.4971042471042501,2.2779922779923,0.92664092664093,0.67567567567568,1.1196911196911,1.6795366795367,0.37162162162162,0.67567567567568,0.51640926640927,0.98455598455598,0.74324324324324,2
AZM052,10.268062292571,13.54097523615,0.27572121521573,0.90885882052591,1.4041358182282,0.36252233852438,0.0,5.0743248501829,3.8991361195424,3.3035486341588,0.0,0.3420985448047,0.0,0.43911156497319,0.4493234618330401,3.1503701812612,0.0,0.0,0.99055399540465,0.0,1.498171063896,0.37784018381414,7.529768853607301,0.0,4.6968635691494,0.10211896859842,4.7124289828002,4.7202116896257,3.4049342361273,2.0546346019145,0.9884037668301,0.47863646976418,1.9573507665966,1.3619736944509,1.2530157988949,1.0740135419099,2.447661296599,0.37356992762083,1.5215191843723,1.0000778270683,1.2141022647677,0.6926609074636201,2
AZM053,6.6581718382435,4.0523132071245,3.968298420522,4.3043575669318,0.6903214965834,0.550296852246,0.4690825585303,9.6360568811762,5.350686912509,0.29265150666517,0.16522908031814,0.62731040663157,0.28004928867481,4.5648034053994,1.3834434860535,0.092416265262686,0.0,7.193065979612399,0.73372913632799,0.75893357230873,1.4654133526151,2.7038758821553,5.4953000723066,0.28425002800493,0.5061460592914,0.35426235017363,1.7787418655098,3.8949144372138,3.0224150397686,1.4895155459147,2.058327307785,1.2292118582791,1.1810074716799,0.94480597734394,2.0342251144854,1.4413111593155,1.118341769101,1.1810074716799,1.3208001928175,1.2484936129188,1.1617257170403,0.75680886960713,0
AZM054,4.1462679822249,0.11423263287389,9.8968140393161,43.851522683337,0.16570008285004,1.7448720845573,0.028871984132962,6.1911967892625,8.8361076386604,0.015063643895458,0.24603951695915,0.028871984132962,0.1418493133489,0.34646380959554,8.665361150862399,0.0,0.071552308503427,0.09289247068866,0.10921141824207,0.0,0.99348641357984,0.32888955838417,2.5922758076189,0.021340162185233,0.36186591223107,0.13682809871708,0.72373182446214,2.2435686558326,2.5199026251727,1.5066780709257,5.210869136127401,2.4014737811698,0.80268438713073,1.2763997631423,2.6383314691756,1.0527008355813,1.4474636489243,0.8092637673531199,1.1382327784723,1.7303769984867,0.59872360023686,1.2895585235871,0
AZM055,9.7779278898928,4.7313462242112,0.0,0.0,9.1164963832362,0.047848236651749,0.047848236651749,5.2009946125155,3.6564761388632,2.3642658110276,0.0,0.0,0.46722395789355,0.48974077514143,0.0,2.479664499423,2.2516817247882,0.0,0.66987531312449,0.0,0.028690745640601,0.10976948408342,2.7304026267972,0.075994258211602,1.3803436513756,0.030960623715838,3.712263699831,1.0408364946285,4.027861901877601,0.71248685007491,1.0089578883611,0.34428894768721,3.0715037138576,1.8696802575791,1.1619751984443,3.1272912748255,1.703911504989,0.50527590933724,0.5881602856323099,0.36819790238771,1.0551818674488,1.399470815136,2
AZM056,1.491935483871,0.96630184331797,4.9308755760369,3.1898041474654,9.4225230414747,1.9714861751152,15.106566820276,14.158468492422,5.8561552778516,0.038882488479263,1.9556451612903,0.46082949308756,1.7914746543779,0.15697004608295,0.27793778801843,1.2442396313364,1.334965437788,2.9853110599078,3.7183179723502,2.0463709677419,2.3863334219622,1.8951612903226,4.3306301515554,0.67972350230415,0.70459984046796,2.3329493087558,1.1300186120713,3.3667907471417,3.3036426482319,1.7482052645573,1.7880882743951,2.6289550651422,0.8275724541345401,1.4956128689178,2.5525126296198,1.4224940175485,0.54174421696357,1.279579898963,0.77771869183728,1.6052911459718,1.2662855623504,0.77439510768413,3
AZM057,3.6368018829134,0.42677480185456,33.692523642757,5.2233832891435,6.988614612428901,28.659133122545,0.0,10.13925701544,7.055408304935,0.0,0.0864892455585649,0.0,0.0,0.090742815012264,1.1654780303138,0.0,0.0,0.0,0.32610699145033,0.10066781040423,0.0,0.14320350494123,3.7990660103496,0.1914106254165,0.050485927047835,0.34737483871882,1.4682990449745,4.648912448988201,4.0430813244142,0.42071605873196,2.3854600530102,1.2958054608944,1.6996928772771,0.90874668686104,2.250830914216,1.5692708990702,1.3462913879423,1.4725062055619,1.1780049644495,1.5734780596575,0.51748075224031,1.0181328621313,0
AZM058,5.3878453802423,5.773185187745201,1.3409134108621,10.848265970866,2.6680029721277,0.20735774394775,0.44754713068722,10.754291068615,5.0066016440223,2.0891292702735,1.1525634601096,0.28684487912772,5.1735757114963,0.42335539389331,13.761642273332,1.753900917558,0.77931952100361,0.47173886748112,1.4532321888338,0.50111454787372,2.4724221644874,1.8834995075254,3.9439499126879,2.464101190579,1.1286681715576,2.2446475782343,1.3480131181055,3.1261978789557,3.9333020997487,1.6759657566336,1.9315132671749,1.6227266919375,0.90719366242174,1.588653690532,2.6236211082244,0.91784147536096,0.8198815963201199,1.4821755611397,2.0017888325738,0.92210060053665,1.2819966778824,0.34711870181865,1
AZM059,2.413488146521,18.041251818675,0.4564516589165,0.7103528941888,7.443014863207099,0.11981856046558,0.0,10.631194574857,4.0401669274909,16.312441160528,0.19399195503951,0.22537300659002,0.37942544147434,2.2993752317919,0.15119961201609,7.4458676860754,0.071320571705703,0.0,0.89578638062363,0.0,1.9300991131977,0.0,4.1914449660929,1.1668045531053,1.6171100678143,0.68182466550652,2.9968701095462,1.9092331768388,5.1643192488263,1.8831507563902,2.3239436619718,0.8972352634324501,1.6458007303078,2.4465310380803,1.5179968701095,1.5179968701095,2.1335419926969,0.565988523735,1.4241001564945,0.80333854981742,1.6484089723526,0.46165884194053,1
AZM05A,0.0,0.070892410341952,0.045871559633028,2.2623019182652,0.90075062552127,0.033361134278565,1.6763969974979,2.0635557338325,0.45460623077952,0.14386989157631,0.16680567139283,0.0,0.29190992493745,2.4687239366138,0.29816513761468,0.1209341117598,0.056296914095079,1.4762301918265,1.7389491242702,0.3023352793995,0.0,1.4804003336113,8.873735347862901,0.60258548790659,0.16044925792218,0.089658048373645,3.3917190355217,4.6753130988991,6.0168471720818,0.20947542006507,1.5866648838971,0.57048625038998,2.3309711637028,3.3025805588982,1.5108971787672,3.373891340197,2.8880866425993,1.3281633016892,2.7588358514953,1.3994740829879,1.7114587511699,1.4930694834425,2
AZM05B,11.393233756685,0.55294247988156,11.526181675345,3.7225417224813,6.4791966722733,2.0616999204327,2.5934915950729,7.4770782821949,5.5123596131873,0.35049905828558,0.46934644011804,0.98300885312277,0.18028543515264,0.63754570084704,0.034244160866982,0.85912556528045,0.83092449162529,2.5662977026197,0.81682395479771,2.3114808585213,1.5996432851211,0.3907863063643799,4.0715659225817,1.612497104354,0.59916952317253,0.59322972796036,0.95309756709305,2.3158598779366,3.4445280494942,1.3098124460051,3.2271549201572,1.9201293091436,1.0004737619486,0.6855614079090401,2.7868349915002,1.1816180363961,0.76637962266254,1.5188250703676,0.66047989298554,1.1899785413706,0.93637655714405,0.75801911768804,0
AZM05C,2.8175976272862,0.0,0.0,1.688910858461,1.0627780523974,1.6724336793541,0.0,0.0766910373740989,0.0,0.0,0.0,0.87329049266766,0.0,0.38721370901302,0.0,0.1565332015159,0.0,0.0,3.0977096721041,0.0,4.5912367707961,0.36249794035261,1.5951735773813,1.301697149448,2.7966664962421,0.37073652990608,6.6567820440718,0.89472876936449,3.5124495117337,0.47548443171941,0.5010481108441099,0.5010481108441099,0.2045094329976,0.68510660054195,1.7434429163045,1.4008896160335,2.8426811186666,0.01533820747482,0.52149905414387,0.58796461986809,0.47548443171941,1.0327726366379,2
AZM05E,0.46123333794567,8.2191780821918,8.1730547483972,2.1908583552419,0.81177067478437,1.8034223513676,0.8394446750611099,12.650473244096,8.1722669770576,0.6595636732623,0.10147133434805,6.475716064757201,1.1161846778285,1.4252110142521,0.0,4.7737650477377,0.40127300401273,6.6648217333149,0.53041833863752,1.1484710114847,0.0,0.26290300262903,5.020369406071,1.1392463447258,0.052072165895794,0.11530833448642,1.8899133151591,3.0385640334487,3.599105583974,0.6616228137348,2.1533372132202,1.739822954636,1.3171194903054,2.1165803902349,1.9573008239654,1.9818053726223,1.4917143994854,1.2405427757527,1.1547768554538,1.6693723772475,1.3722547247833,0.72594725395902,0
AZM05F,2.1599578763402,2.8209408364235,2.6573755615554,24.487738205935,2.9307312264035,2.9576186688475,0.27783690525537,10.893006175931,5.478217325989,0.0,0.0,0.95114327645892,0.51982388725199,4.0756881504801,12.265154994903,0.017924961629379,1.1920099483537,3.5200143399693,0.36410078309676,0.07057953641568,0.0,1.2838753767043,2.5171089968286,1.5919606547092,0.20697713236521,0.38874760533716,1.1884493406777,1.7526289434151,2.7841762643966,0.7277583041228499,3.8657986980471,0.89467534635286,0.96144216324487,0.54748789851444,2.1098314137873,0.97813386746787,1.2852612251711,1.1984643632115,0.39058587881823,1.6024036054081,0.7444500083458501,0.94141211817727,0
AZM05G,0.027469902541563,0.060911523026944,9.9011083508504,11.144420026753,2.6263615516912,0.4825148098604999,2.0279954137206,5.3565432991555,5.033704382861099,0.059717179438181,26.492929485955,0.095547487101089,0.35352570227403,0.0262755589528,8.33651824957,0.30336327154596,0.42279763042232,2.4854290082171,0.8073762660042,1.7855436652016,0.0,3.8911714121919,4.1814096438441,0.50640168163577,0.2221131744105,0.41802025606727,0.38998941088355,2.6421136909528,2.0325938169891,1.3507580257755,3.7500968516749,2.1617293835068,0.5862754719905,0.4493917714817,2.4923164337922,0.71024561584752,0.51395955474057,2.665358092926,0.88845269764198,1.260363129213,0.55270022469589,1.0847387587489,3
AZM05H,0.016396619315218,0.0,3.4671396842905,2.0287089898192,2.4043406323133,1.8334401597925,7.126566995095899,6.814481205612299,2.0509267278711,0.0953985123794479,3.8576773443439,0.2683083160672,19.304783341035,0.0,0.17887221071146,0.11477633520652,0.050680459701582,1.7440040544368,7.299476798783699,2.9171076363528,1.3164732374848,5.9475010061562,4.569547895375,2.0063499634803,0.086610081413477,2.0272183880633,1.1293954616317,2.8546682833882,4.250822795773399,0.98735492811363,2.8234886540793,2.5186211675039,1.195219123506,1.1397886714014,2.4389398926035,0.87995842716092,0.44690802009354,2.1340724060281,0.62705698943357,0.8938160401870799,0.92153126623939,1.067036203014,3
AZM05I,2.6995677929825,10.789986053384,1.6100747041522,3.8429141523633,1.6777365056132,1.220674132479,4.316546762589899,6.973272333253099,7.7775102335661,0.48191772877284,0.99145251936646,0.31759621093912,0.12151507201149,0.14084701528604,0.61586047860368,0.88098427208329,0.64071583424239,0.99697593173062,2.4303014402298,0.85750976953562,0.0,1.7205429514354,4.803756320732,1.2151507201149,0.317842523477,0.48329858186388,1.3411991331568,2.7257404286058,3.6503732241753,1.6397784733927,2.2875030098724,1.3869491933542,1.7312785937876,1.2159884420901,0.91259330604382,1.738502287503,1.3219359499157,1.5241993739465,1.4784493137491,0.98723814110282,0.86925114375151,1.365278112208,0
AZM05J,1.5897394443995,12.485292664745,3.5935296706455,20.212144890829,1.7487133888395,0.45356972848687,0.2092707856187,11.638628275639,10.198964736331,0.22543762742615,0.090713945697375,0.25866946891925,0.089815787819183,0.66643314561834,2.6576491615696,0.31255894161076,0.036824473005865,1.5663873395665,0.39159683489164,0.17783525988198,0.020219993529602,1.5762670762267,4.6384665156907,0.33231841493098,0.14558395341313,0.36195762491131,1.4558395341313,2.895503073439,3.7528307990941,1.2131996117761,1.9653833710773,0.9301197023617,1.7227434487221,1.4841475250728,1.3345195729537,1.8036234228405,1.1484956324814,1.0473956648334,1.6378194758978,1.1404076350696,0.8613717243610499,1.1808476221288,0
AZM05K,0.47105004906771,2.5854224284057,6.218217503791601,10.655723079668,1.2258006958694,4.2162547952538,7.336961370327399,9.9902019897498,7.597226409406101,0.36934606120082,1.6700865376037,1.8110446962262,1.364974574003,0.089214024444643,0.63341957355696,3.4079757337854,1.8842001962709,1.1133910250691,1.2793291105362,4.9424569542332,2.3025324088031,0.22303506111161,5.3436840518541,7.153180479971501,1.6694302080193,4.1734320635204,1.2737413325294,3.8589086523967,4.691739523666,2.174404582454,1.8766958094664,2.9846246608381,1.23228821224,0.79891468194151,2.0387398251432,0.8139885438649399,0.73485076876696,1.021254145312,1.5488393126319,1.5073861923425,0.93081097377148,0.50874283991559,3
AZM05L,0.025343189017951,3.5072157690954,3.1946497712073,1.5726856740584,0.20274551214361,7.196057726152801,0.076029567053854,13.662009672219,4.433100483611,0.0,0.0,0.21823301654347,0.73072861668427,0.040830693417811,1.4361140443506,0.052094332981345,8.5871172122492,4.5983808518127,0.46321717705033,0.0,0.0,0.19148187258008,2.1359484148307,0.5054558254135899,0.28658427368798,0.8532206969377,1.5851692638366,1.8359305033136,2.377753895755,0.34031882500448,2.6374708937847,0.7254164427727,1.2358946802794,0.73437220132545,2.8747984954326,1.5448683503493,1.4239656098872,0.80154039047107,1.0836467848827,2.055346587856,1.0030449579079,1.5269568332438,0
AZM05M,13.201852681906,21.042880621545,0.37053638129389,0.442253100254,0.77991931869117,0.61855670103093,0.0,9.775437322196,3.783063979178,3.4633198864485,0.0,0.089645898700134,0.11952786493351,0.31376064545047,0.0,3.8129388913791,0.0,0.0,1.5090392947856,0.0,0.0,0.34065441506051,4.9543005871315,0.37651277454056,1.8612674777556,0.4781114597340501,3.3987046788935,1.7159978209551,6.3404152291024,2.4332667514073,1.0199140487864,0.45396767750136,3.3139640457599,1.3921675443375,0.81108891713577,2.2819441922402,2.015616488106,0.3783063979178,1.0713637189032,0.67489861388536,1.237818533987,1.4133527026209,2
AZM05N,0.6973907509546,3.627492575307599,0.32483029274501,13.45990666101,1.1084005091218,0.25190920661858,0.8008061094611799,15.867145797718,6.0496109967554,0.93338990241833,0.29433602036487,0.80345778532032,8.0014319049639,1.4067140432754,6.413078065337301,2.493901145524,0.90156979210861,1.1786699193891,1.2409843020789,2.3931374628765,2.054914000628,0.25190920661858,4.6819942085616,3.1488650827323,1.126888322925,1.8389372083157,2.2781983742107,3.3597320587517,4.3400900115131,1.4827477933224,1.126888322925,1.7618532603007,0.96989149774971,2.3584411959669,1.2838851481003,1.8386072637198,1.1199106862506,0.6872972124341501,1.9746711788717,1.0012908627848,1.5560129784042,0.5686773889683601,1
AZM05O,3.8953369523247,32.88436641152,1.0289140754537,0.45880936697935,0.72909805346719,3.33431757785,0.0,13.334186857856,13.788688666261,8.6060826311127,0.14082267699366,0.24303268448906,0.42246803098099,0.12719467599428,0.022713334998978,2.6392895268812,5.1218570422695,0.0,0.22031934949009,0.27256001998773,1.4499247831514,0.11129534149499,4.6826489133566,2.378086174393,0.6561469769228301,0.89717673245963,2.0740645904683,1.7667957622507,4.215344237109099,1.3026918029639,1.6035591972602,0.81298210799219,1.5075376884422,1.7860000640143,1.485132669718,1.1042473514067,1.1778638415005,0.62093909035624,1.7027814230388,0.7809749383862,0.92180648465256,0.83218640975579,0
AZM05P,0.8264462809917401,29.34547222345,0.14584346135148,7.5087285101869,0.5833738454059301,0.49056437000044,0.066292482432492,12.937702461491,11.126291897133,1.1844256861272,0.0,0.15026296018032,0.49498386882927,0.44636938171211,0.16352145666681,0.3093649180183,0.35355990630662,0.38891589693729,0.25191143324347,0.0,0.0,0.057453484774827,5.520174530068999,0.092809475405489,0.12560876176205,0.5259203606311,1.5690076907821,3.2592168183521,3.4883977170057,0.6544877586548801,1.5271381035281,0.40106657264373,1.9546486260164,1.2054033804183,0.96740783181648,1.7100420899535,1.6527468652901,1.236254655237,1.6593578527513,1.1855704180348,0.95418585689416,1.8202252143062,0
AZM05Q,11.555560182823,7.002675717602499,1.3097481493821,14.511343168591,2.2748805297296,0.13222417724287,0.11244260741913,15.901568571017,14.437329112102,0.5465960082874399,0.13430644775063,0.036439733885829,0.3310810107341,4.2884361107351,2.4872721215213,0.36023279784277,0.59865277098148,0.19781569823736,0.27590084227842,0.1738695873981,0.0,0.71421878416225,4.9647431285077,0.49245697508563,0.30939703554468,0.6090641235202899,2.1477910490718,2.9140883580371,2.5867031227515,2.0146783709886,1.0073391854943,0.99294862570154,2.1657792488128,1.7268671751331,0.80946898834365,1.5973521369981,1.0505108648726,0.67995395020866,2.0866311699525,0.8598359476183599,1.0217297452871,0.8994099870485001,0
AZM05R,40.076282113795,0.039007899099568,1.3771955487653,1.9352252164397,32.057991743328,0.94052378940069,0.8820119407513399,14.001295255604,3.9923120312533,0.0,0.38032701622078,0.098603300501685,0.14736317437614,0.086684220221261,0.044425662863397,0.0,0.10835527527658,0.1647000184204,0.22104476156422,0.6490480989067,2.141349990599,0.2058750230255,4.1636200305012,1.4833837185363,0.17548624313201,0.15061383263444,0.6768755092234701,2.9602857918817,2.8808991580839,0.8001337038042899,2.3753316481083,2.6114024275597,0.7708859966156201,0.72492531389057,2.5675308667767,0.88996594731234,0.58077589988928,2.3001232581946,0.61002360707795,1.0132241418932,0.73537092360081,1.048739214908,3
AZM05S,0.28515396059691,0.31896668319733,39.330958928813,1.4449303457914,1.7075424913214,0.87687660610432,10.736666516388,8.0038505538659,16.030023159128,0.074387989720932,0.87913078761102,0.076642171227627,0.0687525359541949,0.16004688697534,3.2460213696407,0.67287317974843,0.62328118660115,0.0,0.5872142824940301,5.1169920201975,0.97240436396105,0.38208376538479,2.6465582187003,0.8216491591903,0.0837076927369629,3.6382489518056,0.95845308183822,2.6256312955161,1.5583582131198,0.98496051787159,1.2556153910544,1.386757443009,0.7952230810011399,0.34599179664611,0.90683333798376,0.8217305170345199,0.34738692485839,1.4188453918915,1.1914394932894,0.6026953877061301,0.47852897681297,0.97100923574877,3
AZM05T,9.7773824406193,6.428502740648099,0.77892105010097,3.8825848639292,1.5313972497356,2.8079623040677,1.5530339455717,12.416689336235,5.345484221980399,0.0,0.3365708241177,0.60582748341187,3.649389364362,0.3726319838446,0.8077699778824899,4.4475430329839,4.2552168477738,2.2117511299163,0.62265602461775,0.35580344263872,2.4840179542982,0.31012597365131,4.0397170837867,0.5000480815463,1.6662132752992,0.90633714780267,0.86711099020675,2.2034820457018,3.017886289445,2.0079570184984,2.5520266594124,1.9314472252448,0.53896898803047,0.93852013057671,3.0739934711643,0.85520946681175,0.91131664853101,1.5846028291621,0.7429951033732299,1.0881392818281,0.71409140369967,0.79910228509249,1
AZM05U,2.6176489876987,25.976933959171,0.041222818703917,0.20611409351959,0.30917114027938,0.77854914415807,0.027169585054854,7.2432902314463,13.821579919591,11.389677431444,0.10586769348961,23.718110870645,0.044970347677,0.057149816839521,0.14427986546371,6.2546258560762,0.069329286002042,0.019674527108688,0.26232702811584,0.0,0.0,0.0,3.7487775725307,0.64082745439726,0.4889709877214,0.39817495339011,2.5622079756601,2.1558187547539,5.2374225795936,0.8106052374225801,1.7342171031185,0.39986960773661,2.1601651635336,1.7298706943388,1.3300010866022,1.4734325763338,1.2778441812452,1.0909486037162,1.2756709768554,0.83233728132131,1.1952624144301,1.6777137889819,1
AZM05V,2.3839701770736,9.8033550792171,1.0643056849953,6.4771668219944,0.8602050326188301,5.219944082013,0.18080149114632,12.935082436672,13.819460529363,0.40074557315937,0.0,0.2618825722274,0.5554520037278701,0.38583410997204,1.0689655172414,0.14165890027959,0.0093196644920783,0.0,0.67474370922647,0.0,0.0,0.16775396085741,2.0635488829462,0.13327120223672,0.4695626539765401,0.5358807082945,2.663662588701,1.6003032153461,2.2509528121118,0.8822724305657901,1.5624012970879,0.48430228885473,1.2233896948896,0.52220420711293,1.0191404687204,1.0675706976059,1.1686424796277,0.53062685561475,1.0507254006022,1.1412688719968,0.98755553683856,1.0907329809859,0
AZM05W,7.6478785741869,21.02788831243,3.6409274836717,1.5732299064793,0.17797478130929,10.138686008832,0.0,9.5589519650655,16.613537117904,0.6103191793011999,0.0,5.0890713410232,0.25688812773888,0.27871522355983,0.17965378868013,0.50957873705066,0.015111066337581,0.0,0.43486290904817,0.0,0.8275109170305699,0.059604761664904,3.0633187772926,0.29214728252657,0.28165938864629,0.35175204419147,1.9235807860262,2.2707423580786,3.5545851528384,1.1135371179039,1.7445414847162,0.41484716157205,0.91921397379913,0.8930131004366799,0.70524017467249,0.8449781659388599,1.707423580786,0.37991266375546,2.0502183406114,1.8056768558952,0.99781659388646,2.1353711790393,0
AZM05X,0.7269422989550199,1.3864221497116,3.8384756240276,7.1372516624675,1.4635220905098,3.0963886938444,2.4520534743161,14.146448567351,9.4521901416182,0.7613619153828199,2.0982198174384,0.1638373741963,0.20101055993832,0.26984979279391,0.34419616427795,1.1991794363444,0.15419988159652,0.13492489639695,1.5254774000799,3.8646345325128,0.0,0.4281800283617601,5.4473597540894,6.8219679759889,0.13393347238994,2.2689411149202,1.0692721484246,4.6020419365463,3.9740915578,1.9299593808321,2.3427379514766,1.6072016686793,1.9585025798661,0.73334065210232,1.7784608628829,0.56866834998353,0.46327807662751,1.4359424744758,1.8662860906795,0.8936216928312699,0.43912613898342,0.59721154901746,3
