Unnamed: 0,Density_Plants_Hectare,Irrigation_Usage,Organic_Practices,Biodynamic_Methods,Product_1_Application_Date,Product_2_Application_Date,Product_3_Application_Date,Biodynamic_Methods_Flag,Density_Plants_Hectare_Flag,Product_1_type_Flag,Product_2_type_Flag,Product_3_type_Flag,Total_N_Applied,Total_P_Applied,Total_K_Applied,Total_Zinc_Applied,Total_Boron_Applied,Total_Iron_Applied,Total_Manganese_Applied,Total_Magnesium_Applied,Total_Calcium_Applied,Total_Sulfur_Applied,Total_Herbicides_Applied,Total_Organic_Acids_Applied,Total_Micronutrients_Other,Crop_Variety_Arroz_Mejoramiento,Crop_Variety_Arroz_Unknown,Crop_Variety_Caña de azúcar_CC011940,Crop_Variety_Caña de azúcar_Mezcla,Crop_Variety_Clitoria_9336 & 17768,Crop_Variety_Crotalaria_9336,Crop_Variety_Crotalaria_Crotalaria Juncea,Crop_Variety_Forrajes_Brachiaria brizantha CIAT 26110,Crop_Variety_Forrajes_Brachiaria brizantha CIAT 26110 + Leucaena diversifolia,Crop_Variety_Forrajes_Urochloa humidicola cv. Tully (CIAT 679),Crop_Variety_Forrajes_Urochloa humidicola cv. Tully (CIAT 679) + Canavalia,Crop_Variety_Frijol_Mas de 100,Crop_Variety_Frijol_Más de 100,Crop_Variety_Maíz_Diferente Hibridos Experimentales(500),Crop_Variety_Maíz_Hibrido,Crop_Variety_Maíz_Maíz biofortificado (SGBIOH2),Crop_Variety_Suelo Desnudo_Suelo desnudo,"Crop_Variety_Yuca, Mandioca, Tapioca_Multiples variedades",Previous_Year_Crop_Arroz,Previous_Year_Crop_Caña De Azúcar,Previous_Year_Crop_Crotalaria,Previous_Year_Crop_Descanso,Previous_Year_Crop_Frijol,Previous_Year_Crop_Maíz,Previous_Year_Crop_Unknown,"Previous_Year_Crop_Yuca, Mandioca, Tapioca",Irrigation_Type_-1,Irrigation_Type_Aspersor,Irrigation_Type_Aspersor-Superficie,Irrigation_Type_Otro,Irrigation_Type_Superficie,Soil_Type_Arcillo-limoso,Soil_Type_Arcilloso,Soil_Type_Franco,Soil_Type_Franco-arcillo-arenoso,Soil_Type_Franco-arcilloso,Soil_Type_Unknown,Product_1_Type_-1,Product_1_Type_Fertilizante sintético,Product_1_Type_Otras practicas,Product_2_Type_-1,Product_2_Type_Fertilizante sintético,Product_2_Type_Herbicida,Product_3_Type_-1,Product_3_Type_Fertilizante sintético,Product_3_Type_Herbicida
0,0.0,-1,-1,-1,-1,-1,-1,1,1,1,1,1,0,0,0,0,0,0,0,0,0,0,0,0,0,0,1,0,0,0,0,0,0,0,0,0,0,0,0,0,0,0,0,0,0,0,0,0,0,1,0,1,0,0,0,0,0,0,0,0,0,1,1,0,0,1,0,0,1,0,0
1,190000.0,2,1,0,349,342,333,0,0,0,0,0,1,3,2,3,6,0,0,3,3,0,0,0,0,0,0,0,0,0,0,0,0,0,0,0,1,0,0,0,0,0,0,0,0,0,0,1,0,0,0,0,0,0,0,1,0,1,0,0,0,0,0,1,0,0,1,0,0,1,0
2,2000.0,-1,-1,-1,-1,-1,-1,1,0,1,1,1,0,0,0,0,0,0,0,0,0,0,0,0,0,0,0,0,0,0,0,0,0,1,0,0,0,0,0,0,0,0,0,0,0,0,0,0,0,1,0,1,0,0,0,0,0,0,0,0,0,1,1,0,0,1,0,0,1,0,0
3,190000.0,2,0,0,-1,-1,-1,0,0,0,0,0,1,3,2,3,5,0,0,3,2,0,0,1,0,0,0,0,0,0,0,0,0,0,0,0,1,0,0,0,0,0,0,0,0,0,0,1,0,0,0,0,0,0,0,1,0,1,0,0,0,0,0,1,0,0,1,0,0,1,0
4,0.0,-1,-1,-1,-1,-1,-1,1,1,1,1,1,0,0,0,0,0,0,0,0,0,0,0,0,0,0,1,0,0,0,0,0,0,0,0,0,0,0,0,0,0,0,0,0,0,0,0,0,0,1,0,1,0,0,0,0,0,0,0,0,0,1,1,0,0,1,0,0,1,0,0
5,2000.0,-1,-1,-1,-1,-1,-1,1,0,1,1,1,0,0,0,0,0,0,0,0,0,0,0,0,0,0,0,0,0,0,0,0,0,1,0,0,0,0,0,0,0,0,0,0,0,0,0,0,0,1,0,1,0,0,0,0,0,0,0,0,0,1,1,0,0,1,0,0,1,0,0
6,10000.0,1,0,0,421,-1,-1,0,0,0,1,1,1,1,1,1,0,1,1,0,0,3,0,0,0,0,0,0,0,0,0,0,0,0,0,0,0,0,0,0,0,0,1,0,0,0,1,0,0,0,0,0,0,0,0,1,0,1,0,0,0,0,0,1,0,1,0,0,1,0,0
7,0.0,-1,-1,-1,-1,-1,-1,1,1,1,1,1,0,0,0,0,0,0,0,0,0,0,0,0,0,0,0,0,0,0,0,0,0,0,1,0,0,0,0,0,0,0,0,0,0,0,0,0,0,1,0,1,0,0,0,0,0,0,0,0,0,1,1,0,0,1,0,0,1,0,0
8,0.0,-1,-1,-1,-1,-1,-1,1,1,1,1,1,0,0,0,0,0,0,0,0,0,0,0,0,0,0,1,0,0,0,0,0,0,0,0,0,0,0,0,0,0,0,0,0,0,0,0,0,0,1,0,1,0,0,0,0,0,0,0,0,0,1,1,0,0,1,0,0,1,0,0
9,160000.0,2,1,0,-1,-1,-1,0,0,1,1,1,0,0,0,0,0,0,0,0,0,0,0,0,0,0,0,0,0,0,1,0,0,0,0,0,0,0,0,0,0,0,0,0,0,0,0,1,0,0,0,0,0,0,0,1,0,1,0,0,0,0,1,0,0,1,0,0,1,0,0
10,190000.0,2,0,0,740,733,727,0,0,0,0,0,2,3,1,3,6,0,0,3,3,0,0,0,0,0,0,0,0,0,0,0,0,0,0,0,0,1,0,0,0,0,0,0,0,0,0,1,0,0,0,0,0,0,0,1,0,1,0,0,0,0,0,1,0,0,1,0,0,1,0
11,0.0,-1,-1,-1,-1,-1,-1,1,1,1,1,1,0,0,0,0,0,0,0,0,0,0,0,0,0,0,0,0,0,0,0,0,0,0,1,0,0,0,0,0,0,0,0,0,0,0,0,0,0,1,0,1,0,0,0,0,0,0,0,0,0,1,1,0,0,1,0,0,1,0,0
12,0.0,-1,-1,-1,-1,-1,-1,1,1,1,1,1,0,0,0,0,0,0,0,0,0,0,0,0,0,0,0,0,0,0,0,0,0,0,1,0,0,0,0,0,0,0,0,0,0,0,0,0,0,1,0,1,0,0,0,0,0,0,0,0,0,1,1,0,0,1,0,0,1,0,0
13,10000.0,2,0,0,637,608,-1,0,0,0,0,1,6,4,2,2,0,2,2,0,0,8,0,0,0,0,0,0,0,0,0,0,0,0,0,0,0,0,0,0,0,0,1,0,0,0,1,0,0,0,0,0,0,1,0,0,0,0,1,0,0,0,0,1,0,0,1,0,1,0,0
14,160000.0,2,1,-1,19,19,19,1,0,0,0,0,1,2,2,1,1,1,1,1,1,1,0,0,0,0,0,0,0,1,0,0,0,0,0,0,0,0,0,0,0,0,0,0,0,1,0,0,0,0,0,0,1,0,0,0,0,0,0,0,1,0,0,1,0,0,1,0,0,1,0
15,10000.0,2,0,0,672,558,-1,0,0,0,0,1,4,2,2,2,0,2,2,0,0,8,0,0,0,0,0,0,0,0,0,0,0,0,0,0,0,0,0,0,0,0,1,0,0,0,1,0,0,0,0,0,0,1,0,0,1,0,0,0,0,0,0,1,0,0,1,0,1,0,0
16,133000.0,2,1,-1,80,-1,-1,1,0,0,1,1,1,0,1,0,0,0,0,0,0,0,0,0,1,1,0,0,0,0,0,0,0,0,0,0,0,0,0,0,0,0,0,0,1,0,0,0,0,0,0,0,0,0,0,1,0,0,0,0,1,0,0,1,0,1,0,0,1,0,0
17,10000.0,2,0,0,672,193,-1,0,0,0,0,1,4,2,2,2,0,2,2,0,0,8,0,0,0,0,0,0,0,0,0,0,0,0,0,0,0,0,0,0,0,0,1,0,0,0,1,0,0,0,0,0,0,1,0,0,1,0,0,0,0,0,0,1,0,0,1,0,1,0,0
18,570.0,2,0,0,321,306,-1,0,0,0,0,1,1,1,1,0,0,0,0,0,0,0,3,0,0,0,0,1,0,0,0,0,0,0,0,0,0,0,0,0,0,0,0,0,1,0,0,0,0,0,0,0,0,0,0,1,0,1,0,0,0,0,0,1,0,0,0,1,1,0,0
19,0.0,-1,-1,-1,-1,-1,-1,1,1,1,1,1,0,0,0,0,0,0,0,0,0,0,0,0,0,0,0,0,0,0,0,0,0,0,0,0,0,0,0,0,0,1,0,0,0,0,0,0,0,1,0,1,0,0,0,0,0,0,0,0,0,1,1,0,0,1,0,0,1,0,0
20,10000.0,1,0,0,187,166,-1,0,0,0,0,1,5,3,2,2,0,2,2,0,0,8,0,0,0,0,0,0,0,0,0,0,0,0,0,0,0,0,0,0,0,0,1,0,0,0,1,0,0,0,0,0,0,0,0,1,0,0,0,0,1,0,0,1,0,0,1,0,1,0,0
21,160000.0,2,1,0,-1,-1,-1,0,0,1,1,1,0,0,0,0,0,0,0,0,0,0,0,0,0,0,0,0,0,0,1,0,0,0,0,0,0,0,0,0,0,0,0,0,0,0,0,1,0,0,0,0,0,0,1,0,0,1,0,0,0,0,1,0,0,1,0,0,1,0,0
22,0.0,-1,-1,-1,-1,-1,-1,1,1,1,1,1,0,0,0,0,0,0,0,0,0,0,0,0,0,0,0,0,0,0,0,0,0,0,0,1,0,0,0,0,0,0,0,0,0,0,0,0,0,1,0,1,0,0,0,0,0,0,0,0,0,1,1,0,0,1,0,0,1,0,0
23,0.0,-1,1,-1,-1,-1,-1,1,1,0,1,1,0,0,0,0,0,0,0,0,0,0,0,0,0,0,0,0,0,0,0,1,0,0,0,0,0,0,0,0,0,0,0,0,0,1,0,0,0,0,0,0,1,0,0,0,0,0,0,0,1,0,0,0,1,1,0,0,1,0,0
24,10000.0,2,0,0,385,349,-1,0,0,0,0,1,5,2,2,2,0,2,2,0,0,8,0,0,0,0,0,0,0,0,0,0,0,0,0,0,0,0,0,0,0,0,1,0,0,0,1,0,0,0,0,0,0,1,0,0,0,0,0,0,1,0,0,1,0,0,1,0,1,0,0
25,65000.0,-1,-1,-1,-1,-1,-1,1,0,1,1,1,0,0,0,0,0,0,0,0,0,0,0,0,0,0,0,0,0,0,0,0,0,0,0,0,0,0,0,0,1,0,0,0,0,0,0,0,0,1,0,1,0,0,0,0,0,0,0,0,0,1,1,0,0,1,0,0,1,0,0
26,0.0,-1,-1,-1,-1,-1,-1,1,1,1,1,1,0,0,0,0,0,0,0,0,0,0,0,0,0,0,1,0,0,0,0,0,0,0,0,0,0,0,0,0,0,0,0,0,0,0,0,0,0,1,0,1,0,0,0,0,0,0,0,0,0,1,1,0,0,1,0,0,1,0,0
27,10000.0,1,0,0,96,-1,-1,0,0,0,1,1,2,1,2,1,0,1,1,0,0,4,0,0,0,0,0,0,0,0,0,0,0,0,0,0,0,0,0,0,0,0,1,0,0,0,1,0,0,0,0,0,0,0,0,1,0,1,0,0,0,0,0,1,0,1,0,0,1,0,0
28,0.0,-1,-1,-1,-1,-1,-1,1,1,1,1,1,0,0,0,0,0,0,0,0,0,0,0,0,0,0,0,0,0,0,0,0,0,0,0,0,0,0,0,0,0,1,0,0,0,0,0,0,0,1,0,1,0,0,0,0,0,0,0,0,0,1,1,0,0,1,0,0,1,0,0
29,10000.0,2,0,0,498,-1,-1,0,0,0,1,1,2,1,1,1,0,1,1,0,0,4,0,0,0,0,0,0,0,0,0,0,0,0,0,0,0,0,0,0,0,0,1,0,0,0,1,0,0,0,0,0,0,1,0,0,0,1,0,0,0,0,0,1,0,1,0,0,1,0,0
30,10000.0,2,0,0,637,608,-1,0,0,0,0,1,6,4,2,2,0,2,2,0,0,8,0,0,0,0,0,0,0,0,0,0,0,0,0,0,0,0,0,0,0,0,1,0,0,0,1,0,0,0,0,0,0,1,0,0,0,0,1,0,0,0,0,1,0,0,1,0,1,0,0
31,10000.0,2,0,0,147,115,-1,0,0,0,0,1,5,1,2,2,2,2,2,0,0,8,0,0,0,0,0,0,0,0,0,0,0,0,0,0,0,0,0,0,0,0,1,0,0,0,1,0,0,0,0,0,0,1,0,0,0,0,0,0,1,0,0,1,0,0,1,0,1,0,0
32,0.0,-1,-1,-1,-1,-1,-1,1,1,1,1,1,0,0,0,0,0,0,0,0,0,0,0,0,0,0,0,0,0,0,0,0,0,0,1,0,0,0,0,0,0,0,0,0,0,0,0,0,0,1,0,1,0,0,0,0,0,0,0,0,0,1,1,0,0,1,0,0,1,0,0
33,190000.0,2,0,0,740,733,727,0,0,0,0,0,2,3,1,3,6,0,0,3,3,0,0,0,0,0,0,0,0,0,0,0,0,0,0,0,1,0,0,0,0,0,0,0,0,0,0,1,0,0,0,0,0,0,0,1,0,1,0,0,0,0,0,1,0,0,1,0,0,1,0
34,0.0,-1,-1,-1,-1,-1,-1,1,1,1,1,1,0,0,0,0,0,0,0,0,0,0,0,0,0,0,0,0,0,0,0,0,0,0,0,0,0,0,0,0,0,1,0,0,0,0,0,0,0,1,0,1,0,0,0,0,0,0,0,0,0,1,1,0,0,1,0,0,1,0,0
35,160000.0,2,1,0,-1,-1,-1,0,0,1,1,1,0,0,0,0,0,0,0,0,0,0,0,0,0,0,0,0,0,0,1,0,0,0,0,0,0,0,0,0,0,0,0,0,0,0,0,1,0,0,0,0,0,0,0,1,0,1,0,0,0,0,1,0,0,1,0,0,1,0,0
36,190000.0,2,0,0,-1,-1,-1,0,0,1,1,1,0,0,0,0,0,0,0,0,0,0,0,0,0,0,0,0,0,0,0,0,0,0,0,0,1,0,0,0,0,0,0,0,0,0,0,1,0,0,0,0,0,0,0,1,0,1,0,0,0,0,1,0,0,1,0,0,1,0,0
37,0.0,-1,-1,-1,-1,-1,-1,1,1,1,1,1,0,0,0,0,0,0,0,0,0,0,0,0,0,0,0,0,0,0,0,0,0,1,0,0,0,0,0,0,0,0,0,0,0,0,0,0,0,1,0,1,0,0,0,0,0,0,0,0,0,1,1,0,0,1,0,0,1,0,0
39,0.0,-1,-1,-1,-1,-1,-1,1,1,1,1,1,0,0,0,0,0,0,0,0,0,0,0,0,0,0,0,0,0,0,0,0,1,0,0,0,0,0,0,0,0,0,0,0,0,0,0,0,0,1,0,1,0,0,0,0,0,0,0,0,0,1,1,0,0,1,0,0,1,0,0
40,0.0,-1,-1,-1,-1,-1,-1,1,1,1,1,1,0,0,0,0,0,0,0,0,0,0,0,0,0,0,0,0,0,0,0,0,1,0,0,0,0,0,0,0,0,0,0,0,0,0,0,0,0,1,0,1,0,0,0,0,0,0,0,0,0,1,1,0,0,1,0,0,1,0,0
41,65000.0,-1,-1,-1,-1,-1,-1,1,0,1,1,1,0,0,0,0,0,0,0,0,0,0,0,0,0,0,0,0,0,0,0,0,0,0,0,0,0,0,0,0,1,0,0,0,0,0,0,0,0,1,0,1,0,0,0,0,0,0,0,0,0,1,1,0,0,1,0,0,1,0,0
42,0.0,-1,-1,-1,-1,-1,-1,1,1,1,1,1,0,0,0,0,0,0,0,0,0,0,0,0,0,0,1,0,0,0,0,0,0,0,0,0,0,0,0,0,0,0,0,0,0,0,0,0,0,1,0,1,0,0,0,0,0,0,0,0,0,1,1,0,0,1,0,0,1,0,0
43,0.0,-1,-1,-1,-1,-1,-1,1,1,1,1,1,0,0,0,0,0,0,0,0,0,0,0,0,0,0,0,0,0,0,0,0,0,0,0,1,0,0,0,0,0,0,0,0,0,0,0,0,0,1,0,1,0,0,0,0,0,0,0,0,0,1,1,0,0,1,0,0,1,0,0
44,160000.0,2,1,0,-1,-1,-1,0,0,1,1,1,0,0,0,0,0,0,0,0,0,0,0,0,0,0,0,0,0,0,1,0,0,0,0,0,0,0,0,0,0,0,0,0,0,0,0,1,0,0,0,0,0,0,0,1,0,1,0,0,0,0,1,0,0,1,0,0,1,0,0
45,52500.0,2,0,-1,1,1,45,1,0,0,0,0,0,1,2,1,1,1,1,1,1,1,3,0,0,0,0,0,0,0,0,0,0,0,0,0,0,0,0,1,0,0,0,1,0,0,0,0,0,0,0,0,0,0,1,0,0,1,0,0,0,0,0,1,0,0,1,0,0,0,1
46,5000.0,1,0,0,111,-1,-1,0,0,0,1,1,2,1,1,1,0,0,0,0,0,2,0,0,0,0,0,0,0,0,0,0,0,0,0,0,0,0,0,0,0,0,1,0,0,0,0,0,0,0,1,0,0,0,0,1,0,1,0,0,0,0,0,1,0,1,0,0,1,0,0
47,10000.0,2,0,0,172,148,-1,0,0,0,0,1,5,1,0,2,2,2,0,0,0,6,0,0,0,0,0,0,0,0,0,0,0,0,0,0,0,0,0,0,0,0,1,0,0,0,0,0,0,0,1,0,0,0,0,1,0,0,0,0,1,0,0,1,0,0,1,0,1,0,0
48,0.0,-1,-1,-1,-1,-1,-1,1,1,1,1,1,0,0,0,0,0,0,0,0,0,0,0,0,0,0,0,0,0,0,0,0,0,0,1,0,0,0,0,0,0,0,0,0,0,0,0,0,0,1,0,1,0,0,0,0,0,0,0,0,0,1,1,0,0,1,0,0,1,0,0
49,62500.0,2,0,-1,-1,-1,-1,1,0,0,0,0,1,2,2,1,1,1,1,1,1,1,0,0,0,0,0,0,0,0,0,0,0,0,0,0,0,0,1,0,0,0,0,0,0,0,0,0,1,0,0,0,0,0,0,1,0,0,0,0,0,1,0,1,0,0,1,0,0,1,0
50,0.0,-1,-1,-1,-1,-1,-1,1,1,1,1,1,0,0,0,0,0,0,0,0,0,0,0,0,0,0,0,0,0,0,0,0,0,0,1,0,0,0,0,0,0,0,0,0,0,0,0,0,0,1,0,1,0,0,0,0,0,0,0,0,0,1,1,0,0,1,0,0,1,0,0
52,65000.0,-1,-1,-1,-1,-1,-1,1,0,1,1,1,0,0,0,0,0,0,0,0,0,0,0,0,0,0,0,0,0,0,0,0,0,0,0,0,0,0,0,0,1,0,0,0,0,0,0,0,0,1,0,1,0,0,0,0,0,0,0,0,0,1,1,0,0,1,0,0,1,0,0
53,0.0,-1,-1,-1,-1,-1,-1,1,1,1,1,1,0,0,0,0,0,0,0,0,0,0,0,0,0,0,1,0,0,0,0,0,0,0,0,0,0,0,0,0,0,0,0,0,0,0,0,0,0,1,0,1,0,0,0,0,0,0,0,0,0,1,1,0,0,1,0,0,1,0,0
54,190000.0,2,0,0,349,342,333,0,0,0,0,0,1,3,2,3,6,0,0,3,3,0,0,0,0,0,0,0,0,0,0,0,0,0,0,0,1,0,0,0,0,0,0,0,0,0,0,1,0,0,0,0,0,0,0,1,0,1,0,0,0,0,0,1,0,0,1,0,0,1,0
55,160000.0,2,1,0,-1,-1,-1,0,0,1,1,1,0,0,0,0,0,0,0,0,0,0,0,0,0,0,0,0,0,0,1,0,0,0,0,0,0,0,0,0,0,0,0,0,0,0,0,1,0,0,0,0,0,0,0,1,0,1,0,0,0,0,1,0,0,1,0,0,1,0,0
56,62500.0,2,0,-1,-1,-1,-1,1,0,0,0,0,1,2,2,1,1,1,1,1,1,1,0,0,0,0,0,0,0,0,0,0,0,0,0,0,0,0,1,0,0,0,0,0,0,0,0,0,1,0,0,0,0,0,0,1,0,0,0,0,0,1,0,1,0,0,1,0,0,1,0
57,0.0,-1,-1,-1,-1,-1,-1,1,1,1,1,1,0,0,0,0,0,0,0,0,0,0,0,0,0,0,1,0,0,0,0,0,0,0,0,0,0,0,0,0,0,0,0,0,0,0,0,0,0,1,0,1,0,0,0,0,0,0,0,0,0,1,1,0,0,1,0,0,1,0,0
58,190000.0,2,0,0,532,526,154,0,0,0,0,0,1,3,2,3,6,0,0,3,3,0,0,0,0,0,0,0,0,0,0,0,0,0,0,0,1,0,0,0,0,0,0,0,0,0,0,1,0,0,0,0,0,0,0,1,0,1,0,0,0,0,0,1,0,0,1,0,0,1,0
59,0.0,-1,-1,-1,-1,-1,-1,1,1,1,1,1,0,0,0,0,0,0,0,0,0,0,0,0,0,0,1,0,0,0,0,0,0,0,0,0,0,0,0,0,0,0,0,0,0,0,0,0,0,1,0,1,0,0,0,0,0,0,0,0,0,1,1,0,0,1,0,0,1,0,0
60,0.0,-1,-1,-1,-1,-1,-1,1,1,1,1,1,0,0,0,0,0,0,0,0,0,0,0,0,0,0,0,0,0,0,0,0,1,0,0,0,0,0,0,0,0,0,0,0,0,0,0,0,0,1,0,1,0,0,0,0,0,0,0,0,0,1,1,0,0,1,0,0,1,0,0
61,5000.0,1,0,0,111,-1,-1,0,0,0,1,1,2,1,1,1,0,0,0,0,0,2,0,0,0,0,0,0,0,0,0,0,0,0,0,0,0,0,0,0,0,0,1,0,0,0,0,0,0,0,1,0,0,0,0,1,0,1,0,0,0,0,0,1,0,1,0,0,1,0,0
62,570.0,2,0,0,321,306,-1,0,0,0,0,1,1,1,1,0,0,0,0,0,0,0,3,0,0,0,0,0,1,0,0,0,0,0,0,0,0,0,0,0,0,0,0,0,1,0,0,0,0,0,0,0,0,0,0,1,0,1,0,0,0,0,0,1,0,0,0,1,1,0,0
63,0.0,-1,-1,-1,-1,-1,-1,1,1,1,1,1,0,0,0,0,0,0,0,0,0,0,0,0,0,0,1,0,0,0,0,0,0,0,0,0,0,0,0,0,0,0,0,0,0,0,0,0,0,1,0,1,0,0,0,0,0,0,0,0,0,1,1,0,0,1,0,0,1,0,0
64,133000.0,1,0,-1,56,-1,-1,1,0,0,1,1,1,0,1,0,0,0,0,0,0,0,0,0,1,1,0,0,0,0,0,0,0,0,0,0,0,0,0,0,0,0,0,0,1,0,0,0,0,0,0,0,0,0,0,1,0,0,0,0,1,0,0,1,0,1,0,0,1,0,0
65,160000.0,2,1,0,-1,-1,-1,0,0,1,1,1,0,0,0,0,0,0,0,0,0,0,0,0,0,0,0,0,0,0,1,0,0,0,0,0,0,0,0,0,0,0,0,0,0,0,0,1,0,0,0,0,0,0,0,1,0,1,0,0,0,0,1,0,0,1,0,0,1,0,0
66,190000.0,2,0,0,740,733,727,0,0,0,0,0,2,3,1,3,6,0,0,3,3,0,0,0,0,0,0,0,0,0,0,0,0,0,0,0,1,0,0,0,0,0,0,0,0,0,0,1,0,0,0,0,0,0,0,1,0,1,0,0,0,0,0,1,0,0,1,0,0,1,0
67,10000.0,2,0,0,50,-1,-1,0,0,0,1,1,3,1,1,1,0,1,1,0,0,4,0,0,0,0,0,0,0,0,0,0,0,0,0,0,0,0,0,0,0,0,1,0,0,0,1,0,0,0,0,0,0,1,0,0,0,0,0,1,0,0,0,1,0,1,0,0,1,0,0
68,10000.0,1,0,0,96,71,-1,0,0,0,0,1,5,1,0,2,2,2,2,0,0,8,0,0,0,0,0,0,0,0,0,0,0,0,0,0,0,0,0,0,0,0,1,0,0,0,0,0,0,0,1,0,0,0,0,1,0,0,0,0,1,0,0,1,0,0,1,0,1,0,0
69,0.0,-1,-1,-1,-1,-1,-1,1,1,1,1,1,0,0,0,0,0,0,0,0,0,0,0,0,0,0,1,0,0,0,0,0,0,0,0,0,0,0,0,0,0,0,0,0,0,0,0,0,0,1,0,1,0,0,0,0,0,0,0,0,0,1,1,0,0,1,0,0,1,0,0
70,0.0,-1,-1,-1,-1,-1,-1,1,1,1,1,1,0,0,0,0,0,0,0,0,0,0,0,0,0,0,1,0,0,0,0,0,0,0,0,0,0,0,0,0,0,0,0,0,0,0,0,0,0,1,0,1,0,0,0,0,0,0,0,0,0,1,1,0,0,1,0,0,1,0,0
71,190000.0,2,0,0,532,526,154,0,0,0,0,0,1,3,2,3,6,0,0,3,3,0,0,0,0,0,0,0,0,0,0,0,0,0,0,0,1,0,0,0,0,0,0,0,0,0,0,1,0,0,0,0,0,0,0,1,0,1,0,0,0,0,0,1,0,0,1,0,0,1,0
