Code,Nitrosocosmicus sp.,Udaeobacter sp.,Gemmata sp.,Humicola olivacea,Aspergillus terreus,Ilumatobacter sp.,Talaromyces marneffei,Scytalidium sp.,Rubrobacter sp.,Fusarium brachygibbosum,Humicola sp.,Curvularia lunata,Neobacillus drentensis,Rhodoplanes sp.,Solirubrobacter sp.,Target_Crop_Grouped,Irrigation_Usage,Organic_Practices,Biodynamic_Methods,Total_P_Applied,Total_K_Applied,Total_Zinc_Applied,Total_Sulfur_Applied,Previous_Year_Crop_Frijol,Irrigation_Type_Superficie,Product_1_Type_Fertilizante sintético
AZM03Y,3.4741550329926,1.1229797982211038,1.801949338067049,-0.2801321545325287,0.4611387811543309,1.3793806722508264,4.007089146782561,-4.206767883318918,1.412139063300493,-4.206767883318918,-0.2633718425870543,-0.199005938879106,-4.206767883318918,2.1121764698832473,1.806485718448587,0,-1,-1,-1,0,0,0,0,0,0,0
AZM03Z,0.3176939178385495,-3.087659760026605,0.5260890847175934,0.2080625289994425,2.525995748302719,0.3243394077297951,-0.1694833150085983,0.2371167950445628,1.0249808634749786,1.3517488616094862,-0.9882867133928266,1.8003552851672642,-5.42979378276063,0.0006441089949291,1.691094260536647,3,1,1,0,3,2,3,0,1,1,1
AZM040,2.820308424752764,1.667027737564962,1.16697342533594,-0.2703276244903557,-1.8988971951471911,2.364966529199277,-4.60791476879951,2.033722099532385,1.500185417650587,-4.60791476879951,3.340799871124466,-0.5638452399835944,-4.60791476879951,2.081874049149408,2.4062654708970324,2,-1,-1,-1,0,0,0,0,0,0,0
AZM041,1.3191442923702694,-3.0286643203214645,0.0761677459856489,-1.27738562895768,3.281475846182217,0.2484743309220991,0.957325856132868,-3.4724363689055373,1.19035600832651,0.3736920326847435,-1.5221028498855516,1.5595550688093736,-5.388897096118432,-0.0225714132985162,1.913559104608865,3,1,0,0,3,2,3,0,1,1,1
AZM042,1.9899918535477883,-1.8513784086101948,0.4268289407476616,1.279092751464143,0.7421791268688567,0.5623644664179522,-1.3094173335479822,-1.0213946122524629,0.7947798994213872,0.182690401355598,2.619482028710395,1.0067681640946322,-5.527739821263921,0.4850263946985986,1.4613319997584404,0,-1,-1,-1,0,0,0,0,0,0,0
AZM043,2.325691531793979,2.357839515462373,0.9160334503618668,-0.681822532822837,-4.7648482679985795,1.6971310688699266,-0.3761727736924016,2.5472742504963772,0.8610405224560908,-4.7648482679985795,2.9184353627897224,-0.7369399882536174,2.03592541588001,2.1685897969886243,2.2828603318011425,2,-1,-1,-1,0,0,0,0,0,0,0
AZM044,1.8117609303780409,-1.3610774544313071,-0.5297355635131497,-5.421221552742443,2.8477188633297503,0.1458449804220508,0.7179628608729464,-5.421221552742443,1.4768026000364525,-1.168833838109228,-0.8054971996928034,2.9366072122076865,0.5879675881167243,0.5138194871469748,1.988692848703876,1,0,0,0,1,1,1,3,0,1,1
AZM045,-1.3183608844684715,3.735432644371405,1.8437665542542416,-3.7266616097629894,-3.7266616097629894,1.5027533624291247,1.0831195917552014,1.4519205945548157,1.636582680285926,-3.7266616097629894,-3.7266616097629894,2.7866454501502163,2.827028157106951,3.552893919304833,2.9352275852490832,2,-1,-1,-1,0,0,0,0,0,0,0
AZM046,2.5155935211758336,-0.0640364765680855,0.0653476675007609,-0.2333272018255191,1.8794587921027368,0.6477552179636062,1.546554185032699,-1.593780437265918,0.8745863179451634,-5.1541002460960055,0.6208299074751094,2.8298583939095256,0.6818866844483058,0.5414440727648603,1.6518436141038102,0,-1,-1,-1,0,0,0,0,0,0,0
AZM047,1.552865473191029,-2.034755775933015,-0.2916660628711742,0.4682574289128797,1.441646775003553,-0.1729916752681226,-1.2558953814452027,0.255524988547386,0.6975193560520453,0.087764077926361,-0.5607260347616129,1.2215383775967803,0.2383842872078878,-0.273825693159472,1.4136482335182057,3,1,1,0,0,0,0,0,1,1,0
AZM048,2.312136552349697,-0.1207240588358796,0.1520926694930241,1.9465547943083248,1.690020800103809,-0.1265495024653031,-0.2756375631307354,0.0015377098749065,1.353795215144712,0.4606194414310636,-0.4214199958641657,-0.1377417345926704,0.438490284925965,0.1932398248670728,1.378093399130136,3,1,0,0,3,1,3,0,1,1,1
AZM049,1.0000680529468229,-1.0667598003104617,0.7446634380139692,-3.136586438392438,-2.3614113112876502,0.8427486602548101,-0.912209634216342,-1.0666890396775013,1.7591791981712266,-2.2717491633033853,-2.628652650133789,2.1302564277967706,2.3946945323689004,1.3392767266392147,2.359143979153163,2,-1,-1,-1,0,0,0,0,0,0,0
AZM04A,-2.002383562871326,2.2234961192798655,1.6806487166493531,-0.5153333906319894,-4.0328346412940865,0.8785842183991881,0.1334691819997581,0.5120982580922641,2.2187244266316704,-4.0328346412940865,-1.670314021196455,2.521086713505344,2.6445956260810024,3.3096447831754365,2.700294443566676,2,-1,-1,-1,0,0,0,0,0,0,0
AZM04B,1.1138947176384708,0.2858336769023519,-1.4192155788671603,0.2146630079675278,-1.7767186862065647,-0.5739928341638857,0.0364644699535433,1.1700177115033716,0.2734530428832595,-1.1829741108477676,0.7239125217485032,0.0793037590172501,0.4795792089723519,-0.1772615773794548,1.055794271678488,1,1,0,0,4,2,2,8,0,0,1
AZM04C,1.31911302364341,0.1881008210487369,-0.275520817551914,0.6166004370756548,0.1042118979170155,0.1521283086140748,-1.679556955646299,-1.5363246318747057,0.5489856614681534,-3.097679013219512,-0.3057717551006206,2.406946091412584,1.4084951550963378,0.6202713538691118,1.4352451705853466,3,1,1,-1,2,2,1,1,0,0,1
AZM04D,0.3423234815376414,-0.0313157178485854,-0.8213542674517957,-0.5457108089071765,1.3495442628777936,0.009838974546254,-0.1346395896663826,1.2401823601766868,0.0792471202107871,-1.4061224853086307,1.1644374703284723,-0.8827809605213005,0.0028022159503943,0.5023036527708844,1.047065886990756,1,1,0,0,2,2,2,8,0,0,1
AZM04E,2.3152394833965864,-2.0531341589070395,-0.1415445921735811,-1.15569428202661,2.0876492902279553,0.1582651222612013,-2.7833328991075623,0.3242692702897554,0.5321166785764955,-0.0637844313180067,1.941885329167768,1.330213870098478,-4.231233016657204,0.3452537995189652,1.3250221781557103,0,1,1,-1,0,1,0,0,0,1,1
AZM04F,1.6683782894437793,0.1305020252048263,-0.7659914325767844,-0.3076833500762681,0.8117918447568572,-0.1138290009193487,-0.5170042375498454,1.1609583943476796,0.3715241464739978,-0.2224451390485624,1.9506280109200185,-0.693068738351985,0.1380792690264892,0.2108520040330942,1.093224101118405,1,1,0,0,2,2,2,8,0,0,1
AZM04G,2.0828036527278604,0.9354804163883936,0.1329262747025811,-0.0438785735121866,0.178805526034042,1.057181470337666,1.893728951215095,2.706326685982068,1.193822632567161,-1.5641638072001631,3.5859289472512272,-3.310741215343761,-5.090525458840631,1.5842078455699022,1.7906114775984048,0,1,0,0,1,1,0,0,0,1,1
AZM04I,1.0613853984811925,-0.0441664178842786,-0.7599959695602214,-0.2576345641165327,1.552482511415288,-0.0407489591652714,-1.5765769365926854,0.3702427583848297,0.887290719114236,0.1539036034898247,0.766498107536153,0.4774027910080196,-0.0028126349047134,0.0587553156924312,1.044625311337798,1,0,0,0,3,2,2,8,0,1,1
AZM04J,1.7037424989465964,-2.2025727354103,-0.3266328603994554,-0.2606556637516969,1.6460004027508457,0.135217113696558,-0.0238082223424412,-2.144416423899344,1.4968094049937923,0.9605054832638732,-4.369049613549376,2.262143928589878,-5.470577967319273,-0.1444511167332352,1.6744591529512336,3,1,1,0,0,0,0,0,1,0,0
AZM04K,1.0463439709289457,2.4712176541185444,1.221555788098624,-0.968785866105032,-4.42455755044078,1.6298578160455288,0.0712328636450137,1.7986987494887547,0.8940895975951899,-4.42455755044078,1.9527731010994471,-4.42455755044078,1.2932561242580276,2.57607378749219,2.245444734269678,2,-1,-1,-1,0,0,0,0,0,0,0
AZM04L,2.1377253425754126,-2.8426094399646566,0.2136858021064958,1.1182422282676316,-1.0148577252960185,0.8042612060664525,-2.663923710945616,0.997531659972548,1.412343784604321,-0.5819840334656139,3.395394723475911,1.4341664175223383,-5.465687880021129,0.3787201847919234,1.6202470266513185,3,-1,1,-1,0,0,0,0,0,0,0
AZM04M,0.9399190772199484,0.5755897141733384,-0.1206043699568867,-0.3562639092061305,1.245043007833196,-0.3527969759243433,0.1961378498457507,0.267932195932261,0.6313860214193249,-0.1262260812727468,0.4712983203914768,-1.3142931436494918,0.4126688504883009,0.2030583456149327,0.9359249803659028,1,1,0,0,2,2,2,8,0,0,1
AZM04N,1.6211913306549883,-1.6997081828076008,-0.4195633060813971,-1.1764964965068734,2.031073359591448,0.118242758476754,0.3588127486084047,-1.0605042992543232,1.460148658297646,-2.226532137442871,2.4920854080328825,1.2338349220447866,0.1276950185722162,0.509373971459925,1.647876503077247,0,-1,-1,-1,0,0,0,0,0,0,0
AZM04O,1.9060612431708184,-0.2383035477990859,0.4647906345431056,1.1164807214634085,1.236178024588715,0.7301537814431913,3.4214368209486907,-0.1181375052825209,0.9101520444888824,-5.025011048435725,2.6750816957542565,-1.7276231050438478,-5.025011048435725,1.6153813191122608,1.6517023009619882,0,-1,-1,-1,0,0,0,0,0,0,0
AZM04P,1.7345527892743289,-1.834964064475894,0.0013806269198648,-2.555705510446736,3.4589972391357837,0.1461523532501931,0.0540415858996562,0.2711923146008319,1.2578468618033511,-2.119416473401155,0.8621641693265331,0.1011888651536421,0.4144266506131472,0.8982630932624746,1.8923155895327717,1,0,0,0,1,2,1,4,0,1,1
AZM04R,1.4723209445831495,0.3665769466791004,-0.8976600177769641,-1.8767425365992216,2.780722860915797,-0.6490315164430868,-1.4693537094291722,-0.2499403174916323,0.9074730454844112,-0.6089148981582521,0.0630479010718575,1.5545122249073855,1.070816929653568,0.0830232808619033,1.3650505828145616,1,1,0,0,1,1,1,4,0,0,1
AZM04S,1.3802271580726635,0.3690576344873562,-0.5941555455219036,-1.905406801678843,-3.079674870689088,-0.0284194030583783,0.6123506292296766,0.3537742046333481,-0.1249439287804291,-1.893143819919284,2.3480536530967435,-0.8952997401115798,0.4916186826536931,0.2370484100194735,1.060231743184984,1,1,0,0,4,2,2,8,0,0,1
AZM04T,1.4072956080780914,0.4657256791921094,-0.6933288459020961,-0.1574366026536654,-2.135208651921847,-0.8509124213459832,-2.6332453072741533,-1.8641658294352252,0.9624495623193504,0.2778508572077238,-1.2619240138380283,3.065311916837249,0.4218902108499242,-0.2454724169799919,1.1419416713371868,1,1,0,0,1,2,2,8,0,0,1
AZM04U,1.2620789028545598,0.1609329517888335,-0.1319368483456674,-2.3744126559218097,0.2685474354646223,0.7403946750278081,0.3650651160943511,-1.0687675654857716,1.337111672154251,-5.358928684814163,-0.7270351449031877,0.8730466078030381,1.0740335879188885,1.349087493991061,2.081897239970373,2,-1,-1,-1,0,0,0,0,0,0,0
AZM04V,1.849605637651614,-2.6554988364377627,-0.3137407893969759,1.103473009492367,1.6953951789460229,-0.0492687115424357,-0.1471915194171615,0.0715186057733942,1.0902231111411214,0.2326395031006654,-0.6273702050950638,0.9310098282682288,-5.830400706644669,-0.3771344999893851,0.9392852375099506,3,1,0,0,3,1,3,0,1,1,1
AZM04X,0.980107376721394,-0.2784889494879742,-0.958625529798462,-0.206201117625823,2.3617273361424695,-0.6919514483678266,-0.4001187416388322,-1.7469803556299428,0.9704415560996756,-0.2037214587014928,-0.3487171704821472,0.7715487220619935,0.6260048947949738,-0.2129552366277765,1.3474274518653386,3,1,1,0,0,0,0,0,1,1,0
AZM04Y,1.298724864534751,-4.0562488194407065,-0.0566687267359666,-0.3349632831581183,1.764362385580705,0.6467307296429704,0.6899334300843967,-2.179518239974085,1.8922034365526668,1.434519768136862,-1.004638861487979,0.4225606622254786,-5.4786095442643505,-0.0401206816034564,1.922631879751676,3,1,0,0,0,0,0,0,1,1,0
AZM04Z,2.626420835189329,2.0029044107119867,0.9293547716421426,-0.4629057818985549,0.6521275265561254,1.974185982695938,-2.4508177004970753,2.604993540171071,1.4234150442147788,-4.844349951767017,4.144401859722815,-4.844349951767017,0.4245274505309497,1.957397395062842,2.4470272362560075,2,-1,-1,-1,0,0,0,0,0,0,0
AZM051,1.960673930998144,1.6159529075802257,0.1648437892373487,-0.3158544937033069,-1.3602503267643766,1.2811994736820935,-1.3148669718675663,1.7981750617736454,0.8422318873961181,-5.049436642058869,2.950300854565848,1.582502942733545,1.787920531453119,1.507366064452066,1.7763870002715143,2,-1,-1,-1,0,0,0,0,0,0,0
AZM052,1.990568603346829,2.1765316825619196,0.2674073524129166,-1.6138186528232834,-0.644960832311792,1.3024379050399864,-0.3747490809726866,1.777580989804256,2.18148609405248,-4.876787338689135,3.2347921943977376,0.5376680042283704,1.0357259321826713,2.1798373494071757,2.6481757523548715,2,-1,-1,-1,0,0,0,0,0,0,0
AZM053,1.5478982430470964,-0.8030184971503511,-0.4033748067162108,-1.1563967592735744,1.249275048530038,0.0397172174726688,-0.7200252045090705,-2.468501566012014,1.2306286428669904,-1.9062091472218503,1.270204323818893,1.3304856716732951,0.2548209073213862,0.4481025505171858,1.5745465169362969,0,-1,-1,-1,0,0,0,0,0,0,0
AZM054,2.7436305301963477,-0.4409889204258967,0.8217707544905646,-1.3954358946791254,2.8569476802454323,0.3495809204130549,1.1233319419418792,-4.941234927768744,1.374201785266149,-0.8215556926999317,-1.570234770234344,4.345226342278785,0.5618717487374025,0.2465896521868269,1.5184269559068215,0,-1,-1,-1,0,0,0,0,0,0,0
AZM055,2.2904329368230623,1.318094632861244,1.3318161945589966,-2.3588784430216827,-4.5127369624769695,2.1163117339852833,-1.9653763285035304,1.90258309467062,1.0367439607804136,-4.5127369624769695,2.5478905736793185,-4.5127369624769695,-2.4258817067467597,2.3055582241402033,1.9987586312897845,2,-1,-1,-1,0,0,0,0,0,0,0
AZM056,1.28690982492912,-0.8256510509393551,-0.7317158848903967,0.3675965826649698,1.1150632351529512,-0.6656369660476581,0.1995697706008615,-0.259491589884765,0.7338891635362966,0.1915189169702415,-0.5113592186134948,0.6799555866847518,0.3901824686767377,-0.3554530624598928,0.9853738640162478,3,1,1,0,0,0,0,0,1,1,0
AZM057,2.835121983830496,-2.0278851238797646,0.902705873707901,-0.164967591959152,4.3981482418705635,1.4135874714598309,4.236365636784101,-4.6248074891988855,2.418258799304565,-1.521064314132553,0.0387306626966609,2.5346747540877415,-4.6248074891988855,1.2676203652508422,2.2165761080918704,0,1,0,-1,1,2,1,1,0,0,1
AZM058,1.0973981051596118,-0.3895380199228967,-1.5606190313264394,0.2961867844227127,-0.2177933833586997,-0.6071001475068887,-2.0680704949430657,0.0499862216360281,0.6269460181055311,-0.3686621788335397,1.2397569830754431,1.8702091241945364,0.3926700457053442,-0.2125285858113578,0.8590419875624709,1,0,0,0,1,1,1,2,0,1,1
AZM059,1.6164886831362353,0.7023479425276358,-0.5449670822882636,-0.157842539912451,-0.5562109176069812,0.7198906242383444,-1.8692230716311984,2.227402129517699,0.8680253360428354,-1.4000078525839843,3.112083397389971,-0.1170911886472894,0.8788720443168043,1.3181208998556058,1.6532119382465016,1,1,0,0,1,0,2,6,0,1,1
AZM05A,-0.1518875005562347,-1.17722738851568,1.031088372148483,-1.7398845508003131,-2.369483573171932,1.4755630261188697,-2.6578736487134766,-1.4519196975628696,2.170701053476974,-1.139317466542247,-1.9633109628877776,1.4457137088007848,-4.878023126050326,1.850070438424176,2.8110897443650043,2,-1,-1,-1,0,0,0,0,0,0,0
AZM05B,1.4241307236541023,-0.7890497482693076,-0.5552985508062585,-0.7989451380354495,2.161374600125916,-0.2790714391211208,0.4419010997306349,-0.4307198711689123,0.5579353722530481,-1.0313913361522904,-0.8687772496824786,1.0318988049438933,0.1887190227971591,-0.3273820059184253,1.1214262938778956,0,1,0,-1,2,2,1,1,0,1,1
AZM05C,-3.928182211390207,2.6072572568161347,1.6135514345499018,0.5960159342563294,-3.928182211390207,0.0099133914872986,2.09408391249977,-0.2514782427878917,1.470674285932891,-3.928182211390207,-3.928182211390207,2.103864261878678,3.1024111758124167,3.473623468378652,2.046904014665212,2,-1,-1,-1,0,0,0,0,0,0,0
AZM05E,2.032620773265778,-2.948595703583706,-0.3833179254178804,-2.1941295969367616,2.0327171164034414,0.2099052508439736,0.5233144327657882,1.4953635383538324,1.0440989095705129,-2.3173311201627356,2.038341804204175,0.7175239700114151,-5.574181907341202,0.5700563234157825,1.5456899605229424,0,-1,-1,-1,0,0,0,0,0,0,0
AZM05F,1.861114387301324,-1.3961086256231083,0.1035265240793842,-0.7748318122423171,1.1384602598929243,0.1244903774946714,1.2453506665592344,-3.6576163921358473,0.7230261493567167,-5.3459661007601165,1.1981031690272503,3.357931513976324,-5.3459661007601165,0.3356562792534304,1.0843173655039808,0,-1,-1,-1,0,0,0,0,0,0,0
AZM05G,1.748922231168632,-1.3544771132801083,0.217037817566743,-0.7305910469432986,2.4250160974432333,-0.3950983302702724,-0.5883971541900082,-1.047557353958492,1.1050752670318549,3.4089902829503416,-2.601783866052402,2.5432625426914144,-5.373600146905994,-0.7993095197856828,1.5635789070715342,3,1,0,0,3,2,3,0,1,1,1
AZM05H,0.758962882554381,-2.3617909603622813,0.1073779455496262,0.7473588591186408,1.283192940562732,0.2204155679021199,0.6470997691877288,-2.091281945561092,1.0890697998085657,1.3898097275365209,-5.466867661898758,0.7480924129703612,0.3167302297487467,0.1639660187282383,1.5589947574960437,3,1,1,0,0,0,0,0,1,1,0
AZM05I,1.887157533902944,-1.2980948588933814,0.1497293564662634,-0.883347816981641,0.3142004335325588,0.3866037785461202,0.0381260037286037,-0.2867141025550268,0.8396288687573654,-0.1690945878755315,2.2143939297279056,1.1826868323321869,-5.670160294607827,0.1319885754946875,1.405642707353405,0,1,0,-1,2,2,1,1,0,1,1
AZM05J,2.385998790061708,-1.836154781287984,0.232982456382268,-0.9417483797577512,1.3435793968415122,0.6095885327615145,-0.7183717143259821,-1.0867291393760086,1.127875648250684,-2.292903151025947,2.588190991625563,3.0697988762854225,-3.654618924938561,0.4416846077244478,1.5985737798094235,0,-1,-1,-1,0,0,0,0,0,0,0
AZM05K,1.439016270514045,-0.0743879185959195,-1.2571575781618938,0.8404102985569315,1.238834891038989,-0.3771363950601699,0.8506089281881971,0.638008540444912,0.7621352659157773,-0.0739958043798672,0.3621578421868008,1.777176687337591,0.2464713036841984,-0.3441576555026726,1.0873738007326317,3,1,0,0,3,2,3,0,1,1,1
AZM05L,2.0573386465346957,-0.6683179491090524,0.993257877510802,0.413337998846211,1.7300718965015016,0.782401227735144,2.541421026220476,-2.3122550687620302,1.1770857249429607,-4.938236074410384,1.8233036883866376,1.0226887109790854,-4.938236074410384,1.030574826482129,1.3281347621965809,0,-1,-1,-1,0,0,0,0,0,0,0
AZM05M,2.023334511284482,1.3151653733745494,1.040562610884544,-0.0377204292194853,-0.2901686247140977,1.891097217246327,0.2179089513813101,2.0311920996171127,1.2340868378339946,-4.813832614203976,3.73848194455842,-0.1149987956258408,-4.813832614203976,1.916315989604311,2.292802527420109,2,-1,-1,-1,0,0,0,0,0,0,0
AZM05N,1.3294465095774628,-0.3481588910443823,-1.0285398252695257,0.1401763623666632,-1.583237561964914,-0.4976085826117385,-1.8339010850692623,0.4442574702782312,0.741851115370018,-1.680538989995682,0.81844236218292,2.1287982517871233,0.2509907649770332,0.3539482363776166,1.073372751847438,1,0,0,0,1,1,1,2,0,1,1
AZM05O,2.7197745378164533,-0.3195644137742043,-0.0831957951067094,-0.0083515009385188,0.128077321903352,0.5088011302238132,1.3011174109575845,1.0676796744055252,0.6670964795922242,-1.836171338677716,3.588752184553323,-0.6746702739102242,0.4699419883736572,0.8270990725182742,1.6403627343631064,0,1,0,0,1,1,0,0,0,1,1
AZM05P,2.941832640599213,-1.5105838395998927,1.1333469919273604,-0.1027510741451,-1.3655798401393409,1.2044439820035917,-0.1717918435112796,-0.628025823876882,1.7148895997639295,-4.973402663237101,3.9114332375631866,2.548763740004482,-4.973402663237101,0.985186761347931,2.2413019252638815,0,-1,-1,-1,0,0,0,0,0,0,0
AZM05Q,2.728811621869109,-1.1013668375917984,-0.0427948236995711,-0.4304681567399556,0.3316460460012141,0.8333679917499919,-1.9342698282208797,-0.9510730387329224,1.1296637106386764,-1.9191069426449228,2.0055855282807147,2.7339236657665817,-5.446846143148492,0.8250433464735099,1.661892829311607,0,0,0,-1,0,1,0,0,0,1,1
AZM05R,1.812507545013714,-1.2901800031551816,0.4785760027938007,-1.4392905198089292,0.7501154408442201,0.1721629346591921,0.3701130317580288,-5.078439594460397,1.5137773107262398,-0.5289751147923974,-2.7177622484880617,1.0894411400544306,1.1904521480386387,0.0428379242645184,1.854480078708113,3,1,1,0,0,0,0,0,1,1,0
AZM05S,2.9440199553158575,-2.263711876144361,0.1440604658346098,1.461921982490917,3.841418338241339,-0.0547319082726365,0.0425381039347603,-0.2208735872613906,1.1361710707886947,0.0450936701871255,-0.9607045637315852,0.5401728854994386,0.145490236314557,0.1310996989830466,1.144097500129066,3,1,0,0,3,1,3,0,1,1,1
AZM05T,1.4030592789035254,0.2390368593646585,-0.4931462184059427,-0.3678226835288531,-0.518594384318517,-0.8845378523249638,0.7599525136565352,1.2193123323990978,0.5179287088105715,-1.3508967890398025,1.587420803074158,1.08359448595597,0.6375593050434483,-0.4118651380416813,1.1232273391308571,1,1,0,0,1,1,1,4,0,0,1
AZM05U,3.154987463119015,-0.178712572234058,1.0483138422842817,-0.3822463364497865,-2.566274384597413,1.3005266388394954,0.2833457056972784,2.3624332254734965,1.298516325464886,-1.6794326918430202,3.785827759522876,-1.0313371618423643,-4.977096820322248,1.4709166296313805,1.850975668460452,1,0,0,0,1,0,2,8,0,1,1
AZM05V,3.2283112518814,-0.1453962470172871,0.6925084727067792,-0.0143488961945631,0.6680733623719782,0.8068813775907919,2.2552043878067702,-1.324108184803412,1.0746689191068284,-4.903619725667979,2.885078586568853,2.4708498784461,-4.903619725667979,1.583166114728264,1.3283342276789762,0,-1,-1,-1,0,0,0,0,0,0,0
AZM05W,3.2849206383730793,-0.7782725150698544,1.235000102631354,-0.558882897430612,1.7678122501834226,0.394633388125262,2.7912173662900672,-0.1917689049794737,1.2963531717028114,-5.031100962818898,3.5205010150176905,0.9301689239444434,0.2900244426053627,1.1307571889948649,1.5952829095941703,0,-1,-1,-1,0,0,0,0,0,0,0
AZM05X,2.155882902834855,-2.0713125190472685,-0.5994952191375071,0.730309400061278,1.255340092566605,0.5834597090806598,1.0407547224411482,0.0942274243167944,1.4365893799817109,0.6522308949327636,0.2388600711342834,1.8751035960910285,-5.596352598211248,-0.0200216446731524,1.605083389116077,3,1,0,0,3,2,3,0,1,1,1
